destino,pais
Bahías de Huatulco,Mexico
Cabo San Lucas,Mexico
Cancún,Mexico
Loreto,Mexico
Otros Los Cabos,Mexico
San José del Cabo,Mexico
Zona Corredor los Cabos,Mexico
Ixtapa,Mexico
Otros Ixtapa - Zihuatanejo,Mexico
Zihuatanejo,Mexico
Akumal,Mexico
Isla Mujeres,Mexico
Otros Riviera Maya,Mexico
Otros Riviera Nayarit,Mexico
Playa del Carmen,Mexico
Playacar,Mexico
Playas de Rosarito,Mexico
Puerto Escondido,Mexico
San Felipe,Mexico
Tonalá Puerto Arista,Mexico
Nuevo Nayarit,Mexico
Acapulco,Mexico
Cozumel,Mexico
La Paz,Mexico
Manzanillo,Mexico
Mazatlán,Mexico
Puerto Vallarta,Mexico
Veracruz-Boca del Río,Mexico
Aguascalientes,Mexico
Campeche,Mexico
Celaya,Mexico
Chihuahua,Mexico
Coatzacoalcos,Mexico
Colima,Mexico
Comitán de Domínguez,Mexico
Culiacán,Mexico
Durango,Mexico
El Fuerte,Mexico
Guanajuato,Mexico
Hermosillo,Mexico
Irapuato,Mexico
León,Mexico
Los Mochis,Mexico
Mérida,Mexico
Morelia,Mexico
Oaxaca,Mexico
Pachuca,Mexico
Palenque,Mexico
Puebla,Mexico
Querétaro,Mexico
Salamanca,Mexico
San Cristóbal de las Casas,Mexico
San Juan de los Lagos,Mexico
San Juan del Río,Mexico
San Luis Potosí,Mexico
San Miguel de Allende,Mexico
Taxco,Mexico
Tequisquiapan,Mexico
Tlaxcala,Mexico
Toluca,Mexico
Tuxtla Gutiérrez,Mexico
Valle de Bravo,Mexico
Villahermosa,Mexico
Xalapa,Mexico
Zacatecas,Mexico
Ciudad Juárez,Mexico
Mexicali,Mexico
Piedras Negras,Mexico
Tecate,Mexico
Tijuana,Mexico
Ciudad de México,Mexico
Guadalajara,Mexico
Monterrey,Mexico
Atlixco,Mexico
Bustamante,Mexico
Chapala,Mexico
Chichén Itzá,Mexico
Chignahuapan,Mexico
Costalegre,Mexico
Cuernavaca,Mexico
Cuetzalán,Mexico
El Oro,Mexico
Ensenada,Mexico
Hidalgo del Parral,Mexico
Huasca de Ocampo,Mexico
Huauchinango,Mexico
Huichapan,Mexico
Ixtapan de la Sal,Mexico
Izamal,Mexico
Izúcar de Matamoros,Mexico
Jerez,Mexico
Linares,Mexico
Nuevo Casas Grandes,Mexico
Pahuatlán,Mexico
Real del Monte,Mexico
Saltillo,Mexico
San Andrés Cholula,Mexico
San Martín Texmelucan,Mexico
San Pedro Cholula,Mexico
Santiago,Mexico
Sombrerete,Mexico
Tampico,Mexico
Tapachula,Mexico
Tehuacán,Mexico
Teziutlán,Mexico
Tlatlauquitepec,Mexico
Tula de Allende,Mexico
Tuxtepec,Mexico
Uxmal,Mexico
Valladolid,Mexico
Xicotepec,Mexico
Zacatlán,Mexico
San Quintín,Mexico
Tetela de Ocampo,Mexico
Metepec,Mexico
Villa del Carbón,Mexico
Tecozautla,Mexico
Zempoala,Mexico
Coatepec,Mexico
Orizaba,Mexico
Chiapa de Corzo,Mexico
Huejotzingo,Mexico
Tapijulapa,Mexico
Apizaco,Mexico
Huamantla,Mexico
