nombre,precio
Hotel Alvarado-Laureano,4648
Iberia,1819
Hotel Villa las Palmas,10012
First Inn Texcoco,9024
Posada Santa Bertha,8314
Hotel San José,5572
Hotel Fontana,4358
HOTEL XANCALLI,18870
Hotel Dubai,3848
Mansión del Quijote,14825
Hotel y Albergue El Fresno,2041
Hotel Integración Gran,1976
Hotel La Pirámide,4070
Hotel Paraíso,8164
Hotel Bonilla S.C.,8623
Hotel AC,17559
Hotel J  J,1869
Hotel Merino y Asociados,19390
Hotel Muñiz S.A.,7515
Hotel 4 Reyes,18856
NH Valle Dorado,14746
Camino Real Arboledas,8223
Hotel Crowne Plaza Tlalnepantla,15719
Hotel villaporticos,10115
Fiesta Inn,1212
Fiesta Americana Satélite,6231
Hotel Atenco,14848
Hotel La Hacienda,12149
San Isidro,10105
City Express Plus,6094
HOTEL CAZADORES,8055
Hotel Alameda,12029
Hotel Maya,4349
"Hernandez Juarez, Marcelino",4039
Hotel La Casa del Abuelo,13449
Hotel San Nicolás,4169
Hotel Palacio,12763
Hotel Alpez,12270
Hotel Plaza Morelos,9667
"Hotel Magaña, Varela y Balderas",2423
City Suites Toluca,16054
City Express Toluca,18571
Holiday Inn Express  Suites Toluca,5090
Crowne Plaza,13403
Gran Hotel Plaza Imperial,3582
Best Western Gran Marqués,19089
Hotel Paseo,10606
Hotel Proyectos Partida y Armas,12850
Marriott,19918
Hotel Arredondo S.A. de C.V.,7300
DoubleTree by Hilton Toluca,3279
Cosmos,2501
Hotel Albert,8467
"Hotel Proyectos Rosario, Lucero y Mireles",10482
Hotel Rex,3614
Hotel Colonial,8628
Hotel Plaza Morelos,4309
Hotel Alpez,13455
Hotel La Casa del Abuelo,10108
Hotel San Nicolás,15857
San Francisco,12954
Hotel San Nicolás,6329
Hotel Rex,13130
Hotel Montez-Valadez,12641
San Francisco,7865
Hotel Colonial,9748
Hotel La Casa del Abuelo,3339
Hotel Maya,6607
Hotel Alpez,18502
HOTEL CAZADORES,9021
"Hernandez Juarez, Marcelino",6354
City Suites Toluca,16147
City Express Toluca,13433
Holiday Inn Express  Suites Toluca,9845
Crowne Plaza,19250
Gran Hotel Plaza Imperial,8196
Best Western Gran Marqués,11626
Hotel Paseo,2832
City Suites Toluca,8505
City Express Toluca,2051
Holiday Inn Express  Suites Toluca,11336
Crowne Plaza,14145
Gran Hotel Plaza Imperial,9773
Best Western Gran Marqués,3168
Hotel Paseo,7913
"Hotel Proyectos Borrego, Pineda y Berríos",19585
Marriott,11311
Hotel Laboratorios Rascón-Nevárez,7967
Hotel Rex,17358
Hotel Despacho Fernández y Chávez,13964
Hotel San Nicolás,16035
Hotel Colonial,5681
San Francisco,9679
Hotel La Casa del Abuelo,5575
Hotel Maya,9081
Hotel Albert,19394
Hotel Alpez,18661
Hotel Plaza Morelos,9609
Hotel Toluca,15038
Hotel Paris,14087
San Francisco,12861
Hotel Colonial,8186
Hotel Albert,5532
Hotel Rex,17696
Hotel Tollocán,17171
Hotel Industrias Archuleta y del Río,3978
Hotel San Nicolás,2543
Radisson Hotel Del Rey Toluca,4592
City Suites Toluca,6008
City Express Toluca,6242
Holiday Inn Express  Suites Toluca,14833
Crowne Plaza,3081
Gran Hotel Plaza Imperial,13608
Best Western Gran Marqués,13504
Hotel Paseo,16337
Cosmos,18338
Hotel Albert,9238
Hotel Plaza Morelos,19128
Hotel Colonial,1376
Hotel Alpez,4753
Hotel Palacio,18595
Hotel Proyectos Godoy-Barreto,9743
"Hernandez Juarez, Marcelino",12146
Hotel Rex,4655
Hotel La Casa del Abuelo,10617
Hotel  Suites Valen inn,15246
Hotel Boutique,6182
Hotel Toluca,15867
Hostal Toluca,1106
HOTEL CAZADORES,9630
Hotel San Nicolás,17403
Hotel Maya,6854
Hotel La Casa del Abuelo,17635
San Francisco,4486
Hotel Rex,10779
Radisson Hotel Del Rey Toluca,17635
Hotel Laboratorios Guerrero-Sevilla,7517
Hotel Tollocán,6008
Holiday Inn Express Toluca,13252
Fiesta Inn,6293
Marriott,18674
DoubleTree by Hilton Toluca,18378
Hotel Toluca,1018
Hotel Paris,11621
San Francisco,17010
Hotel Apatzingan,1638
Hotel Señorial,4665
Hotel Alameda,12894
City Express Hoteles,11076
Misión Catedral,8846
Hotel Casino,2898
Hotel Virrey de Mendoza,8892
Hotel Misión Catedral,19591
Vivir Bonito Hostel,3580
Casa Grande Hotel Boutique,3806
Hotel Morelias,16924
One Morelia Acueducto,3267
Hotel Duarte S.A.,18455
Hotel Estévez y Treviño y Asociados,5120
Comfort Inn,5207
Allende,16574
Vivir Bonito Hostel,19015
Hotel Señorial,6410
Casa Grande Hotel Boutique,9685
Hotel Alameda,18290
Hotel Virrey de Mendoza,14865
City Express Hoteles,7940
Hotel Señorial,18671
Vivir Bonito Hostel,7591
Allende,11214
Hotel Alameda,14074
Hotel Virrey de Mendoza,13236
City Express Hoteles,15355
Casa Grande Hotel Boutique,17959
Hotel Casino,15794
Misión Catedral,4965
Hotel Misión Catedral,9123
Hotel Internacional,8362
Hotel Cascada,3098
Hotel Defensa del agua,12078
Hotel Colonial,1689
Hotel Colibrí,19150
Hotel Altamirano,8540
Real de Cuautla,8216
Hotel Lomas de Cuautla,1235
Hotel La cita,3326
Hotel El valle de Cuautla,2929
Hotel Cascada,8501
Hotel Internacional,3208
Hotel Defensa del agua,2029
Hotel Tepozteco,11827
Hotel Zacatepec,3321
Hotel Tlayacapan,17847
Hotel Amacuzac,8798
Hotel Juarez,10125
Casa Colonial,16906
Las Casas Boutique Hotel,8020
Noches De Trova,18669
España,5335
Hotel Casa Frida,19711
Roma,19881
La Casa Azul,16488
Rúa,8962
Flor de Mayo,16498
Hotel Villas del Descanso,14338
Hotel Jiutepec,7239
Primavera,4090
Camino Real Sumiya,4176
ExHacienda de Cortes,15124
fiesta inn,12609
Portal del Sol Garden Inn,14879
rio mayo 1001,14470
Holiday Inn Cuernavaca,16303
Argento,2775
Hotel Villas del Descanso,4224
Hotel Jiutepec,2986
Primavera,14193
Camino Real Sumiya,12118
ExHacienda de Cortes,4580
fiesta inn,9147
Portal del Sol Garden Inn,7278
rio mayo 1001,7232
Holiday Inn Cuernavaca,18573
Argento,15700
Hotel Villas del Descanso,5593
Hotel Jiutepec,14824
Primavera,7012
Camino Real Sumiya,10127
ExHacienda de Cortes,16159
fiesta inn,9185
Portal del Sol Garden Inn,3470
rio mayo 1001,15520
Holiday Inn Cuernavaca,19033
Argento,4208
Hotel Defensa del agua,2657
Hotel Colonial,18713
Hotel Altamirano,1483
Hotel Colibrí,4056
Hotel Internacional,8745
Real de Cuautla,6449
Hotel Lomas de Cuautla,14317
Hotel La cita,16913
Hotel El valle de Cuautla,16773
Hotel Cascada,8004
"MS Milenium Monterrey, Curio Collection by Hilton",14141
Camino Real Fashion Drive Monterrey,2921
3 Diez Living Suites,6394
Camino Real Monterrey,13418
Hotel Castillo e Hijos,1070
Fiesta Inn Monterrey Valley,13793
Live Aqua Urban Resort Monterrey,9690
Safi Valle,15909
Grand Fiesta Americana Monterrey Valle,10347
Safi Metropolitan,14861
Plaza 88,19211
Best Western Bazarell Inn,16947
Hotel Alfa Inn,6072
Wyndham Garden Monterrey Norte,7222
Hotel Club Bustos-Mireles,10722
Hotel Kasino,8133
Amega,2916
Amega,19978
Holiday Inn Monterrey Norte,18766
Sleep Inn Monterrey Norte,2997
Rose Hotel,11276
Gamma Monterrey Gran Hotel Ancira,2873
Hotel Kavia Monterrey,2643
Hotel Krystal Monterrey,16623
Hotel Monterrey,17477
Hotel Monterrey,18403
Sheraton Ambassador,6158
Crowne Plaza Monterrey,2863
Hotel Grupo Niño y Cortés,17640
Hotel Laboratorios Almanza-Ocampo,3625
Hotel 25,7089
CHN Hotel Monterrey Santa Fe,3245
CHN Hotel Monterrey Norte,3226
Hotel Club Colunga-Vallejo,8707
BONITTO INN Monterrey Norte,14230
Rancho viejo,4928
Best Western Plus Monterrey Colon,19667
Hotel Regina,9067
Four Points by Sheraton Galerias Monterrey,19970
Hotel Central,2302
Hotel Proyectos Ávalos-Perea,3686
Fiesta Inn Monterrey Fundidora,14737
Hotel Señorial,19521
Hotel Boutique,18130
Hotel Ejecutivo,11366
Hotel Hi Fundidora,9544
Hotel Manzanares-Macías,7693
Holiday Inn Monterrey  Parque Fundidora,11295
Capital O Adhoc Express Cintermex,8821
Smart Hotel,9703
Holiday Inn Express Monterrey Tecnológico,13969
Hotel Regina,5288
MBM Red Sun,10830
Begoña,15982
Hotel Central,11360
Hotel Meléndez-Rendón S.C.,3377
Hotel Torre,1305
Hotel La Silla,16017
Hotel SonMar Monterrey Centro,19448
Fastos,4276
Hotel Boutique de Firma,3400
Hotel Becerra e Hijos,18617
Holiday Inn Monterrey  Parque Fundidora,7984
Holiday Inn Express Monterrey  Fundidora,17576
City Express Plus Monterrey Nuevo Sur,9690
Antaris Cintermex,5340
Capital O Adhoc Express Cintermex,12436
Smart Hotel,3254
Hotel Hi Fundidora,9004
Fiesta Inn Monterrey Tecnológico,13108
CHN Hotel Monterrey Centro,10338
Hotel Plaza del Arco,6169
Hotel SonMar Monterrey Centro,15358
Hotel Beltrán A.C.,18800
Hotel Regis,10912
Hotel Olivo e Hijos,18332
Hotel La Silla,1256
Hotel Torre,19173
Fiesta Inn Express Monterrey Centro,10810
Hotel Cepeda A.C.,4394
CAPITAL O Hotel Diro,5400
Hotel Esquibel A.C.,9666
Hotel Madero Express,4782
Best Western Centro Monterrey,4507
Best Western,19128
CAPITAL O Hotel SF Plaza,6093
Hotel 5a Avenida,9924
Best Western,10232
Hotel SF Express,7901
Hotel Regis,12235
Smart Hotel,7671
Capital O Adhoc Express Cintermex,9650
Hotel Lozada S.C.,17561
Holiday Inn Monterrey  Parque Fundidora,17008
Antaris Cintermex,9228
Holiday Inn Express Monterrey  Fundidora,2664
Hotel Hi Fundidora,4024
Hotel Boutique de Firma,14879
Hotel 500,10066
Hotel Señorial,2444
City Express Plus Monterrey Galerías,1116
Courtyard San Jeronimo,11929
Radisson Hotel Monterrey San Jeronimo,5286
Hotel Corporacin Dávila-Avilés,9583
Holiday Inn Express Monterrey Galerias,6294
Hampton Inn by Hilton Monterrey  GaleríasObispado,15478
Hotel Garibay-Cazares,19077
Four Points by Sheraton Galerias Monterrey,15014
Rancho viejo,19379
Krystal Urban Monterrey San Jerónimo,1316
Smart Hotel,4665
Capital O Adhoc Express Cintermex,3465
"Hotel Villanueva, Canales y de la Garza",5884
Holiday Inn Monterrey  Parque Fundidora,18877
Antaris Cintermex,2180
Holiday Inn Express Monterrey  Fundidora,13098
Hotel Hi Fundidora,19105
Hotel Boutique de Firma,5852
Hotel 500,15083
Hotel Señorial,5176
CHN Hotel Monterrey Centro,2370
Hotel Plaza del Arco,11101
Hotel SonMar Monterrey Centro,12948
"Hotel Matos, Barela y Figueroa",2307
Hotel Regis,12724
Hotel Osorio-Cintrón,7883
Hotel La Silla,9176
Hotel Torre,4368
Fiesta Inn Express Monterrey Centro,12589
Hotel Pichardo-Camarillo y Asociados,19346
iStay Hotel Monterrey Histórico,14316
Hotel Misión Monterrey Centro Histórico,6064
Travohotel Monterrey Histórico,8757
Hotel Olivas y Cedillo S.C.,6324
Rose Hotel,6801
Sheraton Ambassador,14510
Hotel Krystal Monterrey,1812
Gamma Monterrey Gran Hotel Ancira,6877
Hotel Monterrey,11885
Hotel Monterrey,14491
La Fogata,9131
EL RANCHO,9742
Hotel San Angel,6216
Hotel López-Rocha,4542
Real Santiago de las Sabinas,13535
SAN JUAN,2268
La Turbina,16423
Plaza 88,8288
Wyndham Garden Monterrey Norte,7539
Hotel Gómez y Ballesteros S. R.L. de C.V.,16083
Amega,12457
Sleep Inn Monterrey Norte,11000
Amega,8457
Sleep Inn Monterrey Norte,8304
Holiday Inn Monterrey Norte,1775
Comfort Inn Monterrey Norte,7328
Hotel Corona S. R.L. de C.V.,14056
San Antón,11756
Casa Yunenisa,10129
Hacienda Los Laureles,3274
Flavia Luxury Hotel,10146
Flavia Luxury Hotel,12506
La Casona Colorada,17692
Suites Xadani,14096
Casa Rivas,18570
Jazibe,11851
Primavera,1904
Angel Inn,4779
Casa Bonita,9559
La Casona Colorada,6851
Suites Xadani,9698
Hacienda Los Laureles,2253
Casa Yunenisa,4552
Casa Santo Origen,15239
Hotel Misión Oaxaca,12327
Mansión María,11278
Misión San Felipe Oaxaca,15299
San Antón,17758
La Cascada,4789
Hotel Huautla,13622
Antiguo Fortin,19893
Real del Fortín,7228
Hotel Victoria,9346
Fortín Plaza,2454
Jazibe,15288
Los Olivos,1055
Misión San Felipe Oaxaca,18036
Jazibe,18643
Primavera,7456
El Andariego,12934
Los Olivos,15132
Oaxaca Dorado,3292
Del Árbol,11819
Hotel del Marquesado,11286
Antiguo Fortin,5083
Del Marquesado,10840
Hotel Huautla,17617
La Casa del Nenufar,11134
La Villada Inn,14382
Hotel Corporacin Partida-Ornelas,11688
Casa Santo Origen,14185
Angel Inn,10688
Casa Bonita,19166
Mansión María,5170
Hotel Misión Oaxaca,7286
Casa de Adobe,14777
Misión San Felipe Oaxaca,13423
Hotel Industrias Ortega y Porras,6702
City Junior Mexicali,19648
Hotel Lucerna,10861
Hotel Lucerna Mexicali,14306
"Hotel Proyectos Alva, Girón y Meraz",18954
Hotel Grupo Sarabia y Berríos,1013
Hotel Colonial Mexicali,10957
"Hotel Rivas, Malave y Rendón",10401
Crowne Plaza Mexicali,7887
Hotel Azteca de Oro,15086
Hotel Despacho Carrión-Caballero,11559
Hotel Lucerna,16236
City Junior Mexicali,15476
Hotel Lucerna Mexicali,15488
Hotel Industrias Aguilar y Núñez,8002
City Express Mexicali,17750
Hotel Pabón y Bonilla S.A. de C.V.,16505
Araiza Inn Mexicali,6560
Araiza Mexicali,3778
Sleep inn,10299
Hotel Despacho Ortega y Aguirre,17890
Hotel Lucerna,11983
City Junior Mexicali,4060
Hotel Lucerna Mexicali,8696
Hotel Duarte y Ávila A.C.,11171
City Express Mexicali,8361
Hotel Villaseñor-Durán,7525
Araiza Inn Mexicali,5828
Araiza Mexicali,1800
Sleep inn,2514
Hotel Hacienda de Mexicali,9023
Hotel Industrias Figueroa-Batista,16569
Siesta Real Hotel,3386
Hotel Calafia Mexicali,15923
"Hotel Romero, Villarreal y Cavazos",14580
Araiza Mexicali,19863
Araiza Inn Mexicali,7371
Hotel Grupo Benavídez y Navarro,13582
City Express Mexicali,17199
Hotel Prado-Salazar,14095
Hotel Lucerna Mexicali,8994
Sleep Inn,5835
City Express Insurgentes,1181
Extended Suites,4492
Hotel Boutique,14931
Hotel Guaycura,8170
Hotel Mesa-Maestas A.C.,6763
Hampton Inn by Hilton Tijuana,17972
Fiesta Inn,16222
City Express,2645
City Express Junior,19265
Hotel Lucerna,9165
Hotel Real Inn,4976
City Express Rio,15957
Hotel Real del Río,5369
Hacienda Del Rio,16225
Ibis Tijuana,18404
Fiesta Inn,19314
Fairfield by Marriott,11397
Hotel El Conquistador,15502
Hotel City Espress Suites Rio,17540
Hotel Aqua Rio,14983
Hotel Ticuán,18952
Colonial hotel,15611
Suiza Hotel,6215
Cesars Hotel,16554
Hotel Revolucion,15747
Hotel Quinta,9493
Hotel Nelson,9101
Hotel Grand One,10086
Hotel Embajador,18081
Lausana,16879
Hotel Lausana,8839
Holiday Inn,9998
Hotel Extended Suites  Otay,15413
Fiesta Inn,3538
City Express,10362
City Express Junior,8683
Hampton Inn by Hilton Tijuana,9903
Suiza Hotel,12005
Colonial hotel,11476
"Hotel Proyectos Peres, Galarza y Garica",18699
Bahia Dorada,3640
Hotel Oasis La Paz,5534
Baja Sol Suites,5942
Hotel La Concha,8577
Hotel Jalisco,13551
Hotel Zar,6007
Hotel Calafia,8010
Hostal Casa Buena,3104
Hotel California,14594
Grand Plaza,14356
Hotel Oasis La Paz,11842
Hotel Zar,18780
Hotel Calafia,16267
Baja Sol Suites,14624
Hacienda del Sol,3040
Hotel Jaime-Mendoza,7777
Attilos,14767
Hotel Club Cantú y Molina,13762
Hotel Jalisco,1640
Bahia Dorada,19864
"Hotel Industrias Zúñiga, Salcido y Solano",13464
Hotel Oasis La Paz,16629
Hotel La Concha,1193
Baja Sol Suites,12526
Hotel Jalisco,10784
Hotel Calafia,13779
Hotel Zar,14730
Hotel Jalisco,18636
Baja Sol Suites,18895
Hotel California,8226
Casita del Sol,16998
Hostal Casa Buena,8190
La Posada Hotel and Beach Club,9943
Hotel Oasis La Paz,15281
San Bernardino,16913
Bahia Dorada,1951
Hotel Escalante S.A.,13742
Hotel Oasis La Paz,12014
Hotel La Concha,14248
Baja Sol Suites,6408
Hotel Jalisco,16315
San Bernardino,5182
Hostal Casa Buena,18502
Hotel California,1883
Casita del Sol,13911
Hotel Araiza Palmira,19493
Hotel La Concha,1888
Hotel Jalisco,3750
Baja Sol Suites,15044
Hotel Mediterrane,5446
Hotel Calafia,16128
Hotel Pericue,6954
Real Dorada,2647
Palomar,9524
Santa Fe Hotel,13422
Hotel Diana,11726
Comfort Rooms,7935
Hotel Posada Terranova,15899
Cielito Lindo Hotel,11710
Hotel Estancia Real,12059
Tropicana Los Cabos,13423
Hotel Quinta del Sol,10117
Puerto Cabos Village,14813
Hotel Quinta del Sol by Solmar,9266
Fairfield Inn Marriott,3683
Seven Crown Hotel,16411
Club Cascadas de Baja,1635
Pueblo Bonito Rose Resort  Spa,18675
Montage Los Cabos,2706
Olas Hotel Familiar,12467
Pueblo Bonito Los Cabos Blanco,8347
Santa Fe Hotel,3248
Real Dorada,2319
Hotel Casa Rosada,2016
Hotel Pericue,9102
Olas Hotel Familiar,7532
Comfort Rooms,1667
Seven Crown Hotel,5993
Hotel Quinta del Sol,8816
Hotel Estancia Real,5136
Fairfield Inn Marriott,16517
Hotel Posada Terranova,4748
Hotel Diana,19480
Cielito Lindo Hotel,8142
DRIFT,16238
Drift,9396
Tropicana Los Cabos,13087
Flamboyan Hotel  Residences,6498
The Grand Mayan,4753
Cabo Azul,6366
Holiday Inn Los Cabos,11192
holliday in,4542
hotel chulavista,19962
HOTEL MARTINA,1841
HOTEL NEMU,11222
MOTEL YURI,19867
HOTEL DIAZ,13298
Hotel Nuevo Vienna,13997
HOTEL SAN CRISTOBAL,7498
Hotel Royal Inn,3490
Bahia Escondida,8957
"Hotel Ozuna, Rojas y Guerrero",4339
Microtel,10882
American Suites,4966
Hotel Hilton DoubleTree Suites Saltillo,19544
Hotel Hampton Inn,2345
Holiday Inn Express Saltillo Zona Aeropuerto,12377
Fiesta Inn,18456
Quinta Royal,15037
Hotel Quinta Real,13142
Hyatt Place Saltillo,3259
Rosa de Oro,17579
Centro Express,12181
Hotel Azul Talavera Country Club,1414
Fiesta Inn,14764
Fresno Galerias,17062
Camino Real,4458
Holiday Inn Express,15205
Hampton Inn,12868
Ibis,16064
Paraiso Express,6013
Hotel del paseo,15270
Marriott,6771
Hotel Crown Plaza,18096
Fiesta Inn,9850
Fresno Galerias,18634
Camino Real,16843
Hampton Inn,16232
Ibis,15272
Hotel Crown Plaza,9794
Holiday Inn Express,11561
Hotel Azul Talavera Country Club,9044
Paraiso Express,3839
Wyndham Garden Torreon Tecnologico,10139
Fiesta Inn,15771
Fresno Galerias,8990
Camino Real,16227
Hampton Inn,19672
Ibis,13418
Hotel Crown Plaza,12023
Holiday Inn Express,1940
Hotel Azul Talavera Country Club,17197
Paraiso Express,11650
Wyndham Garden Torreon Tecnologico,6958
Hampton Inn,16976
Hotel Azul Talavera Country Club,7950
Wyndham Garden Torreon Tecnologico,12626
Wyndham,9465
Ibis,12152
Fiesta Inn,10163
Fresno Galerias,10052
Hampton Inn,19212
Camino Real,1332
Hotel La Casona de Don Jorge,17928
Hotel Roybal y Montañez S.A.,7260
Hotel San Pablo,3805
Hotel Flamingos,8908
Hotel Buena Aventura,14317
Hotel Concierge Plaza Colima,17009
Hotel Concierge Plaza Colima,19192
suites galvan,8874
Hotel Jurado-Arevalo S.C.,16600
Hotel San Francisco,17083
"Hotel Zepeda, Solano y Olivas",15685
Hotel Brium,1565
Hotel Arrecife de Coral,4049
Gran Hotel El Encante,10641
Hosteles Jardines Carmen,8261
Hotel San Miguel,14251
Hotel San Jose,8972
Hotel Andador del Arco,11033
Hotel Blanquita,13092
Colonial ,16507
Hotel Posada Real Fundación 1528,19136
Hotel Casa Obregon,18397
Hotel Arrecife de Coral,12264
Gran Hotel El Encante,14942
Hosteles Jardines Carmen,19035
Hotel San Miguel,11839
Hotel San Jose,12528
Hotel Andador del Arco,15868
Hotel Blanquita,9877
Colonial ,11047
Hotel Posada Real Fundación 1528,9237
Hotel Casa Obregon,8554
La Diligencia,4953
Hotel Villa Mercedes,7310
Casa de la Reina,11339
Hotel,4917
Casa Franlus,18559
Hotel de la O e Hijos,7066
Hospedaje Los Angeles,7276
Hotel Alejandra,8090
Posada Victorious,16866
Hotel Limar,10060
YACAAMO,18191
Hotel Aguilera y Asociados,10273
Forastero,4294
Cervantino,7360
Kamico,10707
Hotel Cabildo,8454
Hospedaje Florencia,12825
Fenix,6879
Hotel Industrias Granado-Brito,10904
Hotel Plaza Guizar,1463
Hotel Don Miguel,18502
Fenix,5147
Hotel Plaza Guizar,9988
Hospedaje Florencia,2491
Hotel Grupo Cadena-Alemán,2786
Hotel Cabildo,19132
Cervantino,10572
Hotel Tapachula,5137
Hotel Coliseo,17085
Hospedaje Juquileña,4361
Hospedaje Juquileña,1401
Hotel Coliseo,19810
Loma Real,10317
Hotel Aragón-Leyva S.A. de C.V.,16381
Hotel Tapachula,16686
Hotel Margarita,15433
Hotel Arevalo-Feliciano,12164
Hotel Plaza Guizar,7041
"Hotel Carbajal, Flórez y Feliciano",2683
Fenix,9273
Hotel Palapa Palace,16654
Uke Inn Hotel  Suites,4738
Best Western Palmareca Hotel  Suites,3141
Holiday Inn Crowne Plaza,14130
Palace Inn Hotel,17113
Hilton Garden Inn,3427
Marriott Tuxtla Gutierrez Hotel,19907
Quality Inn,2756
Hotel City Express,5971
La Hacienda Mactumatza Hotel,5888
Hotel Oporto,19443
Hotel Madrid,10956
Hotel Santa Maria,3791
Hotel Miguel Angel,9132
Hotel Frida Kahlo,4881
Hotel del Carmen,19286
Hotel Tercera Avenida,14637
Hotel Avenida,8395
Hotel Esponda,18123
Hotel Maya,13464
Hotel Faro,15762
Hotel Oasis,15507
Hotel Balun Canan,10743
Posada San Roque,15051
Hotel Safari,11006
Hotel Palm Real,19632
Hotel Jacaranda,2973
Hotel María Eugenia Express,4251
Hotel Fernando,7808
Hotel María Eugenia,7914
Hotel Ivana HR,9671
Hotel Albert,3660
Hotel de Tuxtla,6146
Hotel Don Candido,8859
Hotel Ávila-Vega,6695
Hotel Granda Inn,19087
Hotel Vela-Leiva S.C.,3459
Hotel Argo,6129
Hotel Esmeraldas,1087
Hotel Santa Cruz,14386
Real de Chapultepec,15762
Taramuri Hotel,16398
Hotel Plaza Mexicana Margarita,10543
Casa de Huespedes Pérez,2069
Los Valles,8585
Los Pinos,10440
Hotel Cascada inn,10264
Casa del Indio,15877
La Estación,3332
Doña Crucita,8648
Hotel Abrego y Asociados,9668
Ibis,7482
Ibis,14930
HM Mirador,4760
Holiday Inn Hotel  Suites,18844
Central Hotel Boutique,8366
Quality Inn,5882
Hotel Jardín del Centro,9704
Hotel Centric Chihuahua,5660
Doroteo Hotel Boutique,3339
Hotel Don Rubén,2954
Hotel Highland Chihuahua,6436
Microtel Inn  Suites,11079
Fienta inn  One,19651
Hotel Ontiveros y Medina e Hijos,10457
Hotel El Chepe,15390
El Campanario,5074
Hotel Apolo Dorado,16358
Hotel Jardín del Centro,10964
Hotel Centric Chihuahua,14189
Hotel Alfaro-Rodrígez,9920
Hampton,17399
Hotel Flamingo,18694
City Express,17180
Los Cedros Hotel Inn,15344
Hotel Maria Bonita,3635
Aeropuerto,2306
Hotel Despacho Jasso-Nevárez,15156
Holiday Inn Express,11561
Casitas Veronica,9204
Hotel Candelaria-Vallejo,1847
Hampton,3992
Hotel Flamingo,8501
City Express,19848
Los Cedros Hotel Inn,1679
Hotel Maria Bonita,9831
Aeropuerto,19882
Hotel Castro-Ayala,2318
Holiday Inn Express,6740
Casitas Veronica,16417
Hotel Borrego-Espinal,18005
Sheraton Chihuahua Soberano,15490
Sheraton Chihuahua Soberano,10114
Courtyard by Marriott,6947
Hotel Casa Grande,15283
Los Cedros,17112
Hotel Castel Sicomoro,3989
"Hotel Laboratorios Orellana, Cortez y Mota",16401
Hotel Gastélum e Hijos,12401
Hampton,14380
Hotel Flamingo,11921
City Express,11520
Los Cedros Hotel Inn,4427
Hotel Maria Bonita,6269
Aeropuerto,11807
"Hotel Despacho Lozano, Cedillo y Solís",14488
Holiday Inn Express,17235
Casitas Veronica,10444
Hotel Lugo-Granados S.C.,14122
Hampton,19025
Hotel Flamingo,2202
City Express,15903
Los Cedros Hotel Inn,3885
Hotel Maria Bonita,11306
Aeropuerto,9270
Hotel Proyectos Espinal-Tafoya,11593
Holiday Inn Express,4798
Casitas Veronica,14244
Hotel Negrete S.A.,17862
Hampton,1037
Hotel Flamingo,18779
City Express,16138
Los Cedros Hotel Inn,14541
Hotel Maria Bonita,2776
Aeropuerto,7146
Hotel Mireles S.A.,17988
Holiday Inn Express,12854
Casitas Veronica,17334
Los Cedros,15484
Hotel Castel Sicomoro,2691
Hotel Despacho Razo-Laureano,7670
Hotel Apolo Dorado,9750
Courtyard by Marriott,18996
Holiday Inn Hotel  Suites,5293
Hampton Inn,10438
Hilton Garden Inn Chihuahua,15356
HM Mirador,16883
El Campanario,4978
HM Mirador,1945
Holiday Inn Hotel  Suites,8841
Central Hotel Boutique,6189
Quality Inn,11182
Ibis,19049
Ibis,1448
Hotel Corporacin Serrato-de la Fuente,19096
Hotel Apolo Dorado,14369
Hotel Jardín del Centro,4054
Hotel Centric Chihuahua,8362
Ibis,4717
Ibis,16120
HM Mirador,4849
Hotel Soto y Salinas e Hijos,6045
Holiday Inn Hotel  Suites,17330
Central Hotel Boutique,10563
Doroteo Hotel Boutique,17674
Quality Inn,9959
Hotel Centric Chihuahua,14614
Hotel Jardín del Centro,16810
Hotel Valdez e Hijos,16473
Hampton,8986
Hotel Flamingo,15967
City Express,19063
Los Cedros Hotel Inn,5739
Hotel Maria Bonita,13569
Aeropuerto,7245
Hotel Sáenz-Cuellar,17654
Holiday Inn Express,5473
Casitas Veronica,3287
Ibis,10052
Ibis,14596
HM Mirador,12137
Hotel Garrido y Barragán S.A.,17637
Holiday Inn Hotel  Suites,9754
Central Hotel Boutique,1084
Doroteo Hotel Boutique,10268
Quality Inn,10783
Hotel Centric Chihuahua,17044
Hotel Jardín del Centro,5869
Hotel Girón-Carvajal S.A. de C.V.,15632
Hotel Casa Grande,18648
Ibis,16870
Ibis,12309
Hotel Zarate y Velásquez A.C.,11893
HM Mirador,19085
Holiday Inn Hotel  Suites,18807
Central Hotel Boutique,13360
Quality Inn,15920
Hotel Apolo Dorado,11544
"Hotel Armendáriz, Montoya y Carrera",7181
Hotel Casa Grande,8825
Sheraton Chihuahua Soberano,19736
Sheraton Chihuahua Soberano,13549
Courtyard by Marriott,8653
Hotel Orellana-Amaya,14460
Courtyard by Marriott,2430
Sheraton Chihuahua Soberano,11426
Sheraton Chihuahua Soberano,16498
Los Cedros,13492
Hotel Castel Sicomoro,13651
Hilton Garden Inn Chihuahua,5984
Hampton Inn,17230
Hotel Casa Grande,2213
Staybridge Suites,5136
Best Western Cumbres Inn Juventud,17459
Hotel Comfort Inn,11878
Casa Grande,4288
Hotel Casa Colonial,15427
Aeropuerto,4267
Best Western Cumbres Aeropuerto,18234
Ibis,15972
Ibis,1502
"Hotel Dueñas, Naranjo y Rendón",5723
Doroteo Hotel Boutique,14434
Hotel Krystal Urban Juárez,6058
Sheraton Chihuahua Soberano,3451
Sheraton Chihuahua Soberano,16384
Courtyard by Marriott,9684
Hotel Casa Grande,12093
Los Cedros,14024
Hotel Batista y Posada S. R.L. de C.V.,3631
"Hotel Corporacin Rodríquez, Carrillo y Pedraza",11766
Hotel Castel Sicomoro,18485
HM Mirador,13452
Holiday Inn Hotel  Suites,11376
El Campanario,16989
Hotel Centric Chihuahua,18728
Hotel Jardín del Centro,2176
Quality Inn,3242
Central Hotel Boutique,8692
Doroteo Hotel Boutique,10416
Hotel Apolo Dorado,8454
Hotel El Chepe,3961
Holiday Inn Hotel  Suites,15220
HM Mirador,4225
Hotel Jardín del Centro,4293
El Campanario,15538
Hotel Centric Chihuahua,6451
Quality Inn,10812
Central Hotel Boutique,1948
Doroteo Hotel Boutique,2507
Hotel Apolo Dorado,11629
Holiday Inn Hotel  Suites,2838
HM Mirador,10613
Ibis,12746
Central Hotel Boutique,13282
Quality Inn,15112
Holiday Inn Hotel  Suites,5770
Hotel Jardín del Centro,9001
Hotel Centric Chihuahua,18405
HM Mirador,14502
El Campanario,19544
Doroteo Hotel Boutique,6900
Hotel Apolo Dorado,6570
Ibis,6736
Hotel El Chepe,3587
Doroteo Hotel Boutique,13535
Best Western Cumbres Aeropuerto,8891
Hotel Casa Colonial,17307
Central Hotel Boutique,5689
Hotel Centric Chihuahua,8608
Quality Inn,16110
Hotel Jardín del Centro,9322
El Campanario,16059
Hotel Casa Grande,9366
Hotel,1307
Casa Grande,16245
Hotel Comfort Inn,10425
Hotel Casa Colonial,18910
Best Western Cumbres Aeropuerto,6176
Hotel Jardín del Centro,3420
Hotel Centric Chihuahua,15474
El Campanario,12323
Quality Inn,10802
Doroteo Hotel Boutique,14903
Central Hotel Boutique,9195
Hotel Apolo Dorado,15969
Hotel Casa Colonial,10899
Holiday Inn Hotel  Suites,7527
Hotel El Chepe,13605
Wyndham,16833
Best Western Cumbres Inn Juventud,4494
Fienta inn  One,8772
Hampton Inn,13496
Staybridge Suites,19740
Microtel Inn  Suites,12762
Hilton Garden Inn Chihuahua,19835
Hotel Highland Chihuahua,10695
"Hotel Club Rocha, Quintana y Barreto",10674
Hotel Gaitán-Badillo A.C.,1718
Wyndham,13969
Best Western Cumbres Inn Juventud,9994
Fienta inn  One,1265
Hampton Inn,19544
Staybridge Suites,2607
Microtel Inn  Suites,17276
Hilton Garden Inn Chihuahua,10378
Hotel Highland Chihuahua,8540
Hotel Club Ponce-Fuentes,12544
"Hotel Montes, Torres y Botello",8176
Hotel Don Rubén,7230
Hotel Highland Chihuahua,9212
Microtel Inn  Suites,5481
Fienta inn  One,4183
Wyndham,2291
Best Western Cumbres Inn Juventud,11123
Staybridge Suites,15444
Hampton Inn,2093
Hilton Garden Inn Chihuahua,19991
Hotel Carrera-Torres y Asociados,12955
Maria Bonita,5306
"Hotel Nevárez, Verdugo y de la Fuente",3953
Courtyard by Marriot Juárez,10670
Holiday Inn Express,11705
El Conquistador,14615
Consulado Inn,6755
La Quinta,7579
Hotel Mena S.A.,5330
Real Inn,18675
Hotel Krystal Urban Juárez,12988
"Hotel Loya, Calderón y Valdez",18394
Holiday Inn Express,17442
Casitas Veronica,9930
Holiday Inn,6391
Los Cedros Hotel Inn,9420
Hotel San Antonio,16789
Hotel Flamingo,10671
Central,12099
Hotel Impala,4773
Juárez,16346
Hotel Proyectos Valdés-Barreto,3467
Hotel Flamingo,5612
Hotel Maria Bonita,8392
Hampton,14022
City Express,19262
Los Cedros Hotel Inn,12985
Hotel Chapa-Luna,3959
Holiday Inn Express,13929
Holiday Inn,1456
Casitas Veronica,9665
Hotel Casas-Velásquez,18582
Holiday Inn Express,5049
Casitas Veronica,15902
Holiday Inn,13077
Los Cedros Hotel Inn,9590
Hotel San Antonio,13485
Hotel Flamingo,13172
Central,4550
Hotel Impala,8661
Juárez,16449
Hotel Sepúlveda-Garibay e Hijos,1820
Holiday Inn Express,19396
Casitas Veronica,11748
Holiday Inn,8253
Los Cedros Hotel Inn,3071
Hotel San Antonio,16213
Hotel Flamingo,10902
Central,14379
Hotel Impala,4823
Juárez,5580
Holiday Inn,2485
Holiday Inn Express,2219
Hotel Maya-Terán,10973
Los Cedros Hotel Inn,17142
Casitas Veronica,4805
Hotel Impala,4184
Hotel San Antonio,8693
Hotel Maria Bonita,18614
Hotel Flamingo,5445
Central,13735
Hotel Maria Bonita,15864
Hotel Flamingo,13157
Hotel Sarabia-Coronado,18701
Los Cedros Hotel Inn,14733
Holiday Inn,6063
Holiday Inn Express,14594
Hotel Alba-Salinas e Hijos,4244
Hampton,17034
City Express,14373
De Soto Hotel,10166
Holiday Inn Ciudad Juarez,2072
Hotel Krystal Urban Juárez,13141
Real Inn,8119
Casitas Veronica,15528
Hotel Padilla-Ávalos,15571
La Quinta,8736
Holiday Inn Express,12884
Los Cedros Hotel Inn,4255
Hotel Gaytán S.C.,13036
Holiday Inn,18841
Continental,12753
Carlos Villarreal,2984
Juárez,14046
Juárez,10040
Central,7219
Korachi,5002
Hotel Cervantes-González,15900
Hotel Impala,4003
Imperial,7950
Morán,1699
Courtyard by Marriot Juárez,2657
Holiday Inn Express,11928
Hotel Club Feliciano-Vélez,8981
Hotel Club Bermúdez-Villa,5126
Consulado Inn,19500
El Conquistador,7724
Maria Bonita,3248
La Quinta,19160
Real Inn,7788
Hotel Krystal Urban Juárez,8076
Bombín,8634
Del Río,11766
Hotel Impala,5835
Morán,1092
Juárez,10085
Korachi,5741
Central,5259
Hotel Valles-Figueroa,18701
Carlos Villarreal,9213
Continental,6717
Aeropuerto,4602
Maria Bonita,1844
Real Inn,5318
Hotel Krystal Urban Juárez,1486
Hotel Blanco-Vigil S.C.,12738
Holiday Inn Ciudad Juarez,8796
Courtyard by Marriot Juárez,11609
Holiday Inn Express,1517
Hotel Perea A.C.,6709
El Conquistador,9695
Hotel Real del Sur,2717
Hotel Castillo,5153
Hotel Briseño y Asociados,14794
Jardines de Churubusco,18238
Las Flores,4724
"Hotel Grupo Bustos, Ornelas y Leiva",3082
Hotel Alpes,16605
Hotel Villas,15689
Holiday Inn Coyoacán,12863
Hotel Finisterre,17817
NH Hoteles,4573
City Express,15811
Stadia Suites,17509
The Paragon Hotel Mexico City Santa Fe By Accor,8259
HauSuites  Spa,2420
Holiday Inn,18086
Holiday Inn Express,10883
DoubleTree by Hilton,16009
Camino Real Santa Fe,2020
Sheraton,2993
NH Hoteles,16695
Stadia Suites,14160
City Express,14968
Holiday Inn,4537
The Paragon Hotel Mexico City Santa Fe By Accor,17065
Holiday Inn Express,15534
HauSuites  Spa,3408
DoubleTree by Hilton,3647
Sheraton,11554
Camino Real Santa Fe,5860
NH Hoteles,3152
Stadia Suites,5135
City Express,10011
Holiday Inn,18968
The Paragon Hotel Mexico City Santa Fe By Accor,11655
Holiday Inn Express,13481
HauSuites  Spa,18385
DoubleTree by Hilton,10663
Sheraton,15867
Camino Real Santa Fe,17565
HauSuites  Spa,15096
Holiday Inn,4249
Holiday Inn Express,4749
DoubleTree by Hilton,19066
Stadia Suites,8045
Sheraton,15092
Camino Real Santa Fe,15796
The Paragon Hotel Mexico City Santa Fe By Accor,8487
NH Hoteles,14559
JW Marriott,12106
NH Hoteles,15860
City Express,14065
Stadia Suites,14631
The Paragon Hotel Mexico City Santa Fe By Accor,4115
HauSuites  Spa,11241
Holiday Inn,14984
Holiday Inn Express,11240
DoubleTree by Hilton,9352
Camino Real Santa Fe,13265
Sheraton,6001
Hotel Olympo,16540
Hotel Modelo,3199
Hotel Ferry,3989
Hotel Circuito,3797
Hotel Club Rendón-Peres,4054
"Hotel Faro Hotel love, hotel de paso",15151
Hotel Bellini,4164
Hotel Metropólitan,13210
Hotel Panorama,5263
Hotel HOT Nayarit,19231
Hotel Misterios,2965
Hotel Arteaga-Tórrez,19402
Hotel Hot,19405
Hotel Madero,11801
Hotel Ticoman Plaza,5005
Ticoman,14461
Hotel Esla,12586
Hotel Santa Clara,14858
Hotel Ferry,2685
Hotel Brasillia,10425
Hotel Hot,11238
Hotel Laboratorios Garay y de la Garza,12522
Hotel Misterios,4394
Courtyard Mexico City Vallejo,19937
Hotel Madero,17626
Hotel Brasillia,7971
Hotel Valdez S. R.L. de C.V.,6070
Hotel Industrias Ozuna y Cardona,16800
Cfntal Norte,8348
Hotel Corporacin Segura y Quesada,4546
Hotel Misterios,12472
Hotel Industrias Lara y Lemus,19227
Hotel Hot,13044
Hotel Madero,4764
Hotel Ticoman Plaza,10128
Ticoman,19812
Hotel Esla,8410
Hotel Santa Clara,15061
Hotel Ferry,19381
Hotel Brasillia,19243
Antenas,1860
Veloo,9763
Hotel Villas Sfera,1948
Hotel Cazares y Ojeda S.A.,6911
Hotel Neza,9954
Hotel Dos2,11124
Hotel Del Valle,12135
Hotel Santa Clara,12502
Hotel Esla,1200
Hotel Madero,6944
Hotel Ticoman Plaza,5694
Ticoman,19557
Hotel Hot,14132
Hotel Grupo Delgado y Narváez,3280
Hotel Misterios,5648
Courtyard Mexico City Vallejo,2004
Hotel Madero,4006
Hotel Brasillia,18382
"Hotel Salcido, Villarreal y Corona",8049
Hotel Paz y Asociados,13327
Hotel Hot,14757
Hotel Valadez S.A.,15865
Hotel Misterios,12170
Courtyard Mexico City Vallejo,6157
Hotel Madero,13125
Hotel Brasillia,11211
Hotel Zapata y Gálvez A.C.,11629
"Hotel Perales, Casanova y Páez",19598
Cfntal Norte,3783
Hotel Verduzco-Mares,2723
Hotel Santa Clara,6098
Hotel Misterios,6158
Hotel Madero,2630
"Hotel Industrias Sotelo, Muñoz y Polanco",3673
Antenas,9916
Hotel Esla,15519
Hotel Hot,14894
Veloo,16914
Hotel Villas Sfera,15484
Hotel Metropólitan,14571
Antenas,9951
Veloo,8063
Hotel Villas Sfera,17788
Hotel Neza,4729
Hotel Dos2,12310
Hotel Del Valle,15087
Hotel Grupo Cisneros-Henríquez,4633
Hotel Santa Clara,10281
Hotel Esla,16945
Hotel Madero,18266
Hotel Modelo,11106
Hotel Despacho Peralta-Cadena,2488
"Hotel Faro Hotel love, hotel de paso",8225
Hotel Grupo Abrego-Lira,13951
Hotel Blanco-Razo,2795
Hotel Turismo,1251
Cfntal Norte,7698
Hotel Lira-Coronado,10876
Nvo Laredo,7921
Hotel Despacho Cabrera-Calvillo,5496
Hotel Modelo,9372
Hotel Maldonado S.C.,10484
Hotel Bellini,11751
Hotel Panorama,4931
Hotel HOT Nayarit,1253
Hotel Circuito,17298
Hotel Villa Hermosa,15111
Villa del Mar,6757
Hotel Olympo,5233
"Hotel Faro Hotel love, hotel de paso",13458
Hotel Esla,18451
Hotel Madero,8540
Hotel Misterios,17392
Ticoman,19308
Hotel Ticoman Plaza,12605
Hotel Despacho Rocha-Rosario,3361
Hotel Ferry,14011
Hotel Metropólitan,2386
Hotel Hot,15294
Hotel Olympo,1614
Hotel Esla,16065
Hotel Madero,3551
Hotel Misterios,11258
Ticoman,19866
Hotel Ticoman Plaza,15066
"Hotel Piña, Nava y Concepción",19789
Hotel Ferry,14252
Hotel Metropólitan,14686
Hotel Hot,10486
Hotel Olympo,4774
Hotel Hidalgo y Reyna y Asociados,14272
Hotel Turismo,1683
Hotel Club Gracia y Preciado,11642
"Hotel Briones, Ortega y Meléndez",6631
Cfntal Norte,16076
Nvo Laredo,12857
"Hotel Faro Hotel love, hotel de paso",3887
Hotel Despacho Castañeda y Canales,15310
Hotel Club Zedillo y Gaitán,4468
Hotel Brasillia,8972
Hotel León-Olivares,15276
"Hotel Industrias Marroquín, Guajardo y Corrales",14121
Nvo Laredo,18169
Hotel Naciones,3577
Hotel Turismo,13968
"Hotel Faro Hotel love, hotel de paso",11167
Hotel Suido,12125
Hotel Montero-Loya S.A. de C.V.,8260
Cfntal Norte,11913
"Hotel Despacho Delgadillo, Pineda y Anaya",6509
Hotel Naciones,3502
Hotel Turismo,17727
Nvo Laredo,4736
Hotel Lira e Hijos,18386
Cfntal Norte,17710
Hotel Despacho Villaseñor-Urbina,7353
"Hotel Corporacin Yáñez, Blanco y Niño",12448
Hotel Brasillia,12504
Hotel Suido,5839
"Hotel Grupo Córdova, Acevedo y Calvillo",8742
Hotel Madero,4368
Hotel Misterios,5798
Hotel Carmona-Viera,9387
Hotel Porras y Samaniego A.C.,7464
Hotel Esla,6685
Hotel Hot,6009
Hotel Ferry,3469
Hotel Metropólitan,6804
Hotel Olympo,17191
Antenas,16202
Holiday Inn Express México Aeropuerto,19472
NH Mexico City Airport T2,19988
Fiesta Inn,15709
City Express,19497
Holiday Inn Express  Suites,11590
Plaza Abastos,11359
Hotel Hernández-Salcido,5946
izZzleep  Hospedaje inteligente  Hotel Aeropuerto Terminal 1,15410
Camino Real Aeropuerto,3237
Marriott Courtyard,16365
La Venta,15490
Hotel Harabe,10922
Hotel Harare,10000
Hotel Club Benítez-Batista,2840
Hotel Condesa,12532
Hotel Princesa,17624
Hotel Aranjuez,3431
Hotel Econo Express,11171
Hotel Tlalpan,16130
Hotel Mexicali,15808
Holiday Inn Express México Aeropuerto,2232
Holiday Inn Express  Suites,2864
Quinta Bugambilias,13082
Fiesta Inn,10406
City Express,3514
La Venta,3958
Plaza Abastos,17615
Hotel Mexicali,13598
Hotel MAGA,16162
Krystal Urban Aeropuerto Ciudad de México,19163
Hotel Ordóñez y Rivero S.C.,2344
NH Mexico City Airport T2,15736
Krystal Urban Aeropuerto Ciudad de México,19732
City Express,7168
Holiday Inn Express México Aeropuerto,11535
Plaza Abastos,16585
Hotel Leal-de Anda,17428
Hotel Aeropuerto,5943
We Hotel Aeropuerto,3027
Camino Real Aeropuerto,15762
Hotel de la Fuente-Casanova S.C.,4391
NH Mexico City Airport T2,12253
Krystal Urban Aeropuerto Ciudad de México,3763
City Express,17533
Holiday Inn Express México Aeropuerto,6654
Plaza Abastos,2282
Hotel Despacho Peña-Maldonado,9118
Hotel Aeropuerto,15344
We Hotel Aeropuerto,15398
Camino Real Aeropuerto,18172
Hotel Argos,18129
Fiesta Inn,6201
Hotel Castillo,12924
Hotel Alpes,13217
Holiday Inn Coyoacán,10269
Hotel Cabán-Paredes S.C.,13694
Jardines de Churubusco,14394
"Hotel Tello, Lugo y Pichardo",12087
Las Flores,2715
Hotel Lasa Garage,11965
Hotel Villas,3159
Hotel Menchaca-Velásquez,11803
Hotel Palacio,4096
Hotel Aurora,19283
Hotel Jaramillo y Padrón e Hijos,13666
Hotel Zafiro,10310
Hotel Medellin,9257
Rojo Hotel,5927
Hotel Vásquez-Rolón S.A. de C.V.,11923
"Hotel Terán, Rodríguez y Salcedo",3670
Hotel Lasa Garage,5634
Hotel Motel Atenas,12462
Hotel Atenas,11165
Hotel Argos,13843
Fiesta Inn,5225
Hotel Alpes,3776
Hotel Castillo,11144
Holiday Inn Coyoacán,19314
Parador Real,13343
Hotel Lasa Garage,11763
Hotel Motel Atenas,5187
Hotel Atenas,18248
Hotel Argos,4062
Fiesta Inn,14874
Hotel Castillo,17662
Hotel Alpes,12856
Holiday Inn Coyoacán,1597
Hotel Finisterre,12881
Hotel Montreal,11120
Hotel Alpes,6906
Hotel Castillo,8018
Hotel Harabe,12197
Krystal Urban Aeropuerto Ciudad de México,16934
Holiday Inn Coyoacán,7291
Parador Real,8423
Hotel Princesa,5507
Hotel Condesa,6077
La Venta,3528
Hotel Montañez-Ontiveros,10692
Krystal Urban Aeropuerto Ciudad de México,4314
Plaza Abastos,17635
Hotel Atenas,18687
Hotel Motel Atenas,18253
Fiesta Inn,2236
Hotel Lasa Garage,12035
"Hotel Corporacin Tamez, Valadez y Miramontes",5294
Holiday Inn Express México Aeropuerto,13344
NH Mexico City Airport T2,6054
Hotel Argos,6316
Plaza Abastos,6925
Krystal Urban Aeropuerto Ciudad de México,6424
Hotel Baca-Jiménez,15341
Fiesta Inn,2431
Holiday Inn Express México Aeropuerto,14463
Hotel Villas,12937
Hotel Atenas,8783
Hotel Motel Atenas,15555
Hotel Lasa Garage,10336
NH Mexico City Airport T2,15710
Krystal Urban Aeropuerto Ciudad de México,8667
Plaza Abastos,18498
Hotel Atenas,8837
Hotel Motel Atenas,11140
Fiesta Inn,16368
Hotel Lasa Garage,7357
Hotel Matías-Hurtado e Hijos,13053
Holiday Inn Express México Aeropuerto,19691
NH Mexico City Airport T2,15437
Hotel Argos,16128
Hotel Motel Atenas,10233
Hotel Atenas,13513
Hotel Garica-Marín S. R.L. de C.V.,17479
Hotel Lasa Garage,18283
Casa Padres Margarita,14718
Plaza Vaqueritos,6310
Hotel Motel Atenas,7543
Hotel Atenas,5535
Hotel Robledo S. R.L. de C.V.,9192
Hotel Lasa Garage,2709
Casa Padres Margarita,16747
Plaza Vaqueritos,13163
Hotel Despacho Candelaria-Colón,19171
Hotel Motel Atenas,4361
Hotel Atenas,17905
Hotel Lasa Garage,5085
Hotel Villas,10340
"Hotel Prado, Armas y Torres",3748
Hotel Palacio,6253
Hotel Zafiro,9938
Hotel Aurora,15723
Hotel Medellin,17821
Rojo Hotel,5828
Hotel Soto y Galindo A.C.,15335
Hotel Grupo Rascón y Jaimes,4005
Hotel SolLunas,8275
Hotel Villas,15782
"Hotel Rivera, Zamudio y Macías",12455
Hotel Palacio,1873
Hotel Zafiro,14595
Hotel Aurora,2745
Hotel Medellin,13991
Rojo Hotel,17449
"Hotel Quiñónez, Aponte y Posada",13253
"Hotel Club Frías, Villarreal y Téllez",8725
Hotel SolLunas,13653
Hotel Botello y Asociados,3674
Hotel Lasa Garage,13285
Hotel Motel Atenas,8357
Hotel Atenas,1923
Hotel Argos,11442
Fiesta Inn,4246
Hotel Alpes,11986
Hotel Castillo,5785
Holiday Inn Coyoacán,5508
Parador Real,2255
Camino Real,10400
Camino Real,16481
Hotel Royal Pedregal,5547
Radisson Paraiso Hotel Mexico City,16371
Hotel  Suites,15699
Hotel Centro Diana,1172
Omega 254,3596
Liebe Hotel  Villas,1622
Westin Santa Fe,9386
Inn Sur,8066
Hotel Centro Diana,5899
Hotel  Suites,18983
Hostal Cuija Coyoacán,18294
Hotel María Rico,14869
Omega 254,4643
City Express Plus,10440
Hotel City Express,8786
Fiesta Inn Insurgentes Sur,10868
Holiday Inn,4992
Liebe Hotel  Villas,2564
Villa Nueva,8813
Costa del Sur,14756
Paraíso del Sur,15978
Inn Sur,3058
City Express Plus Periférico Sur Tlalpan,4632
Fiesta Inn Periférico Sur,17378
One,18565
Hotel Rubí,1538
XolHa,17887
Hotel Real del Sur,19843
City Express Plus Periférico Sur Tlalpan,8927
Plaza Vaqueritos,5704
Fiesta Inn Periférico Sur,10544
One,15065
Hotel Chapa-Juárez S.C.,1051
Villa Nueva,12561
Costa del Sur,8882
Paraíso del Sur,19699
Inn Sur,14650
Casa Padres Margarita,7137
City Express Plus Periférico Sur Tlalpan,3805
Fiesta Inn Periférico Sur,18153
One,12816
Villa Nueva,3217
Inn Sur,18237
Costa del Sur,18828
Paraíso del Sur,17624
Hotel Real del Sur,17633
Plaza Vaqueritos,19158
Radisson Paraiso Hotel Mexico City,1666
Fiesta Inn Periférico Sur,13794
One,16405
Inn Sur,2426
City Express Plus Periférico Sur Tlalpan,13677
Villa Nueva,13232
Costa del Sur,9311
Paraíso del Sur,1532
Radisson Paraiso Hotel Mexico City,12701
Hotel Real del Sur,3213
Hotel Rubí,12298
Costa del Sur,8901
Paraíso del Sur,4396
Villa Nueva,11895
Inn Sur,5371
Hotel Rubí,2452
XolHa,12544
City Express Plus Periférico Sur Tlalpan,18891
Fiesta Inn Periférico Sur,12093
One,6737
Radisson Paraiso Hotel Mexico City,16224
Hotel Pasadena,16680
Hotel Corona Real,6972
Holiday Inn Ciudad de México Trade Center,5418
Liebe Hotel  Villas,3067
El Diplomático,15997
Hotel El Greco,2211
Hotel Beverly,10615
"Hotel Courtyard by Marriott, Cd de México Revolución",7605
Fiesta Inn Insurgentes Sur,2435
Hotel City Express,7536
Krystal Grand Suites Insurgentes,2373
Fiesta Inn Insurgentes Sur,11341
Hotel City Express,11160
Izzzleep Hotel,17888
Hotel El Greco,14049
Hotel Novit,18794
Fiesta Americana,16512
Holiday inn,9300
Holiday Inn Express,2199
Suites del Parque,7262
Hotel Pasadena,10375
Hotel Corona Real,12697
Liebe Hotel  Villas,2566
Holiday Inn Ciudad de México Trade Center,11876
El Diplomático,9952
Fiesta Inn Insurgentes Sur,5078
Hotel City Express,13059
Hotel El Greco,15318
Hotel Beverly,14107
Hotel María Rico,15409
Hotel Castillo,13669
Hotel Aranjuez,12109
Holiday Inn Coyoacán,7121
Parador Real,17259
Hotel Alpes,17302
Hotel Mexicali,13037
Hotel Tlalpan,18015
Hotel Econo Express,9739
Hotel MAGA,3707
Hotel Reforma,14910
Hotel Castillo,3586
Hotel Aranjuez,15110
Holiday Inn Coyoacán,6913
Parador Real,18874
Hotel Alpes,10626
Hotel Mexicali,11525
Hotel Tlalpan,4361
Hotel Econo Express,3623
Hotel MAGA,11745
Hotel Reforma,10687
Hotel Castillo,11043
Hotel Aranjuez,15611
Holiday Inn Coyoacán,14962
Parador Real,6460
Hotel Alpes,15545
Hotel Mexicali,12519
Hotel Tlalpan,15651
Hotel Econo Express,2387
Hotel MAGA,12552
Hotel Reforma,15252
Hotel Castillo,9996
Hotel Aranjuez,2879
Holiday Inn Coyoacán,3458
Parador Real,14310
Hotel Alpes,12904
Hotel Mexicali,17812
Hotel Tlalpan,6242
Hotel Econo Express,2020
Hotel MAGA,5678
Hotel Reforma,15358
Hotel Castillo,2140
Hotel Aranjuez,5136
Holiday Inn Coyoacán,3203
Parador Real,8733
Hotel Alpes,13003
Hotel Mexicali,12866
Hotel Tlalpan,13545
Hotel Econo Express,19587
Hotel MAGA,2061
Hotel Reforma,6027
Hotel Rey,15743
Holiday Inn Express,13155
Fiesta Americana,13190
Holiday inn,15547
Hotel Vermont,3519
Fiesta Inn Insurgentes Viaducto,19806
Hotel Plaza Delta,5511
Hotel California,18349
FlowSuites WTC,13024
Hotel Novit,14042
Hotel Pasadena,11301
Hotel Corona Real,10132
Holiday Inn Ciudad de México Trade Center,9179
Liebe Hotel  Villas,4717
El Diplomático,1849
Hotel El Greco,7096
Hotel Beverly,17352
"Hotel Courtyard by Marriott, Cd de México Revolución",17965
Fiesta Inn Insurgentes Sur,13680
Hotel City Express,19404
Fiesta Americana,4858
Hotel Castello,9577
Gemalto Polanco,9529
Metro B Las armas,15623
Hotel Grupo Tejeda y Nieto,8031
Hotel Hipodromo,10357
Hotel Polanco,17095
Las Alcobas,7559
OBELISK SUITES,5018
Hotel Villa del Parque  Armas,5447
Hotel Pasadena,3426
Hotel Corona Real,15812
Holiday Inn Ciudad de México Trade Center,6657
El Diplomático,15585
Liebe Hotel  Villas,3876
Hotel El Greco,11472
Fiesta Inn Insurgentes Sur,12384
Hotel City Express,3127
Hotel Beverly,19022
"Hotel Courtyard by Marriott, Cd de México Revolución",18765
Fiesta Americana,10514
Hotel Castello,10828
Gemalto Polanco,6161
Aqua,6704
The Place Corporate Rentals by Dominion,12845
Metro B Las armas,17670
Hotel Castillo,8347
Hotel Aranjuez,4976
Holiday Inn Coyoacán,7585
Parador Real,5550
Hotel Alpes,8757
Hotel Mexicali,17188
Hotel Tlalpan,1861
Hotel Econo Express,12825
Hotel MAGA,19154
Hotel Reforma,19752
Hotel Castillo,13088
Hotel Aranjuez,16315
Holiday Inn Coyoacán,19076
Parador Real,5252
Hotel Alpes,3825
Hotel Mexicali,3154
Hotel Tlalpan,11134
Hotel Econo Express,14046
Hotel MAGA,16684
Hotel Reforma,18225
Hotel Palace,14460
Hotel Carmona y Leyva S.C.,14416
Barceló México Reforma,19838
Hotel Plaza Revolución,3416
Hotel Casa Blanca,5106
Hotel Arizona,11388
Hotel La Joya,3430
Le Méridien Mexico City,15744
Ramada Reforma,16264
Hotel Lona,17952
Hotel Salcido-Granado,12289
Hotel Naciones,5205
Hotel Suido,19065
Hotel Amador-Zelaya,6962
Nvo Laredo,5228
Hotel Bellini,15176
Hotel Leyva y Tamez y Asociados,17477
Hotel Panorama,2815
Hotel Villa Hermosa,5068
Villa del Mar,17977
Hotel Flamencos,6014
Hotel Virreyes,10965
Hotel Castropol,6395
Hotel Único SA de CV,6307
Hotel Niza,11572
Hotel Roble,8388
Hotel Catalina,12338
Hotel Regina,18003
Hotel Cadena,10307
Hotel Patria,3584
Hotel Mala Vecindad,9211
Hotel Mónaco Ciudad de México,7432
Hotel Lona,19049
Holiday Inn Buenavista,9993
Ramada Reforma,5101
Managua,10922
Gilbert,18481
Hotel La Joya,4061
San Fernando,17468
Hotel Laboratorios Villanueva y Tello,6525
Hotel Regina,6052
Hampton Inn,6609
Hotel Niza,12063
Hotel Patria,19468
Casa Pepe,2349
Hotel Roble,1929
Hotel Montecarlo,3661
Roble,2489
Hotel Isabel,19899
Hotel Castropol,9672
Hotel Virreyes,7907
Hotel El Salvador,19747
Hotel San Diego,14650
Hotel Catalina,1992
Hotel Metropol,17319
Hotel San Francisco,18877
Hotel Principal,10491
Hotel Centra2,10899
Kali Ciudadela,16825
Hotel Fleming,9024
Hotel Centra2,14306
Kali Ciudadela,10746
Hotel Fleming,15861
Hotel San Diego,3391
Hotel Metropol,2963
City Express by Marriott Ciudad de México Alameda,6179
Hotel Ojeda-Nieto A.C.,15404
Hotel San Francisco,14619
Hilton Mexico City Reforma,16867
Fiesta Inn Centro Histórico,16218
Hotel MAGA,7685
Gran Hotel Amazonas,12147
Hotel Goya,5707
Hotel Mexicali,11242
Hôtel Fabiola,11463
Quinta Bugambilias,12317
Hotel Cadena,14065
Hotel Aranjuez,5284
Hotel Polo,13141
Hotel,17874
Hotel Goya,19404
Gran Hotel Amazonas,4479
Hôtel Fabiola,11456
Hotel Cadena,8921
Hotel MAGA,16285
Hotel,5014
Hotel Mexicali,9764
Quinta Bugambilias,15732
Faro,9123
Hotel Flamencos,5616
Hotel Goya,4172
Quinta Bugambilias,2658
Hotel Polo,10509
Hôtel Fabiola,13587
Gran Hotel Amazonas,14701
Hotel,9135
Hotel Cadena,6233
Faro,11729
Hotel MAGA,19929
Hotel Catalina,11247
Hotel Catalina,7220
Hotel,6221
Faro,17327
Hotel Rivera-Ojeda,17866
Hotel Polo,16296
Hotel Reforma,17343
Hotel Virreyes,11110
Hotel Cadena,17297
Hotel San Diego,1759
Kali Ciudadela,3950
Hotel Regina,13885
Hotel Niza,17562
Hotel Castropol,15982
Hotel Patria,8888
Hotel Roble,8049
Hotel Isabel,12563
Punto MX,2594
Hotel Montecarlo,2656
Hampton Inn,10219
Hotel Único SA de CV,17216
Hotel Isabel,16420
Hotel Niza,10363
Hotel Zamora,18586
Juarez,1267
Hotel Washington,4522
Hotel Montecarlo,15120
Punto MX,5388
Balcón del Zócalo,9666
Hotel Ritz,12985
Zócalo Central,14213
F Hotel,12991
Hotel Diligencias,2482
Hotel Atlanta,14126
Hotel Sonora,2676
Hidalgo,19686
Hotel Azores,19409
Hotel Emperador,7378
Juarez,12879
Hotel Catedral,19128
Hotel Magnolia,10456
Hotel Isabel,3409
Hotel Niza,13659
Hotel Zamora,17523
Juarez,15757
Hotel Washington,19017
Hotel Montecarlo,10165
Punto MX,4893
Balcón del Zócalo,5216
Hotel Ritz,4168
Zócalo Central,13907
Hotel Flamencos,13228
Hotel Virreyes,12111
Hotel Castropol,19279
Hotel Único SA de CV,12980
Hotel Niza,5727
Hotel Roble,7522
Hotel Catalina,17682
Hotel Regina,14152
Hotel Cadena,17386
Hotel Patria,2319
Casa Prim,2484
Hotel Premier,2275
Hotel Suites Mi Casa,5490
Emporio Reforma,11913
Fiesta Americana Reforma,16523
Hotel NY T Roma Boutique Reforma,18017
Hotel El Ejecutivo,15974
Sevilla Palace,5880
Hotel Regente,17892
Hotel Imperial Reforma,5580
Villa Condesa,11746
Hotel Condesa,11437
Condesa DF,6324
Sevilla Venue,13876
Four Seasons Hotel Mexico City,10805
Suites Capri Sevilla,12022
"The RitzCarlton, Mexico City",17623
Hotel Marquis Reforma,17702
Suites Capri Reforma 410,18443
St Regis,17051
Hotel Moneda,19445
Hotel Templo Mayor,10823
Casa San Ildefonso,16561
Continental,1545
Hotel Catedral,13070
Hotel Azores,11854
Zócalo Central,4591
Balcón del Zócalo,14649
Best Western Hotel Majestic,11081
Zocalo Rooms,1873
Camino Real,16551
Camino Real,9700
Westin Santa Fe,19955
HauSuites  Spa,19927
DoubleTree by Hilton,8456
Holiday Inn Express,2682
Holiday Inn,16743
Novotel,6587
JW Marriott,18178
Hilton Santa Fe,13458
Hotel Guadalajara,5842
Hotel MX Lagunilla,8936
Hotel Magnolia,2034
Hotel Emperador,19761
Hotel Las Américas,4601
Hotel Sonora,7251
Hotel Diligencias,1620
Hotel Atlanta,15451
F Hotel,11279
Hotel Azores,14722
Casa del Estudiante Duranguense,5962
Hotel Plaza Belices,14531
Hotel del Prado,7681
Gilbert,14447
Hotel Astor,17443
Hotel Mallorca,16453
Holiday Inn Buenavista,3040
Bristol,5524
Hotel Sevilla,17996
Hotel Maria Cristina,7794
Hotel Cadena,19379
Hôtel Fabiola,11651
Faro,16675
Hotel,18218
Hotel Catalina,13347
Hotel Flamencos,11281
Hotel Virreyes,6674
Hotel Único SA de CV,16062
Hotel Goya,18469
Gran Hotel Amazonas,12217
Segovia Regency,18900
Hotel Century Reforma,12609
Hotel Royal Zona Rosa,9662
Villa Condesa,16865
Sevilla Venue,7300
Hotel NH Collection Mexico City Reforma,9077
Suites Capri Sevilla,10142
Hotel pf suites,19287
Hotel Suites Amberes,10781
Hotel Condesa,8368
Bristol,10752
Sofitel Hotel Mexico City,10470
Marriott,7792
Sheraton María Isabel,17023
Hotel Maria Cristina,11388
City Express Plus by Marriott Reforma El Ángel,16722
Hotel del Ángel,12429
Eurostars Hotel,19366
Holiday Inn Express Mexico Reforma,9960
Hotel Geneve Mexico City,10430
San Fernando,4993
Managua,19791
"Hotel Peralta, Valentín y Longoria",18799
Hotel Lepanto,13441
Hotel de Cortés,13928
Hotel Mónaco Ciudad de México,12309
Hotel Fontán,5799
Hotel Rendón y Barreto e Hijos,10517
Ramada Reforma,2378
One Ciudad de México Alameda,10425
San Fernando,3589
Managua,12349
Hotel Grupo Valenzuela-Santacruz,15495
Hotel Lepanto,9403
Hotel de Cortés,16698
Hotel Mónaco Ciudad de México,8011
Hotel Fontán,7621
Hotel Ortiz-Gómez,18648
Ramada Reforma,9884
One Ciudad de México Alameda,19416
Hotel MAGA,9900
Gran Hotel Amazonas,5498
Hotel Goya,4579
Quinta Bugambilias,8840
Hotel Mexicali,8944
Hôtel Fabiola,2663
Hotel Polo,18401
Hotel Chacón-Padilla,8394
Hotel Cadena,8629
Hotel,2720
Hotel Seoul,4283
Hotel Templo Mayor,14543
Continental,11823
Casa San Ildefonso,16479
Hotel Moneda,4294
Hotel Catedral,5504
Hotel Azores,1169
Zócalo Central,19033
Hotel San Alfonso,6175
Balcón del Zócalo,14333
Hotel Isabel,16587
Hotel Niza,16645
Hotel Zamora,7535
Juarez,10412
Hotel Washington,11524
Hotel Montecarlo,10352
Punto MX,2938
Balcón del Zócalo,3931
Hotel Ritz,19813
Zócalo Central,8609
Hotel Villa Hermosa,18535
Hotel Bellini,2222
Holiday Inn Express México Basílica,6736
Villa del Mar,14693
Hotel Estrada-Ontiveros y Asociados,6760
Hotel Panorama,2190
Hotel Universal,14008
Hotel HOT Nayarit,17232
Hotel Modelo,7105
Hotel Circuito,10485
Hotel,2227
Faro,1303
Hotel Polo,10777
Hotel Catalina,19610
Hotel Puebla,4516
La Querencia DF,11978
Hotel Cadena,10324
Colimazi,15888
Kali Ciudadela,18802
Hôtel Fabiola,18180
City Express Buenavista,17184
Casa del Estudiante Duranguense,5397
Hotel Jacarandas,17522
Gilbert,16336
Holiday Inn Buenavista,9940
Hotel Grupo González-Gurule,7318
Hotel Eco,4691
Hotel Lepanto,11835
"Hotel Cortez, Amador y Bonilla",6324
Hotel Mala Vecindad,16037
Casa San Ildefonso,9430
Hotel Templo Mayor,7101
Hotel Azores,1461
Hotel Catedral,12046
Hotel Moneda,10667
F Hotel,19605
Zócalo Central,7329
Hotel Sonora,6750
Balcón del Zócalo,14287
Hotel Washington,15014
Le Méridien Mexico City,17884
Hotel Plaza Belices,11745
Hotel Imperial Reforma,3842
Hotel Casa Blanca,14134
Hotel Palace,4125
Hotel Regente,7054
Hotel Plaza Madrid,5607
Fiesta Americana Reforma,16645
Hotel Mallorca,11603
Sevilla Palace,9128
Hotel del Ángel,1223
Sheraton María Isabel,9545
Hotel Reforma,13568
Sofitel Hotel Mexico City,8717
Capri Suites  Reforma Ángel,15638
City Express Plus by Marriott Reforma El Ángel,9748
Armonik Suites,11801
Bristol,10894
Galería Plaza Reforma,19772
Casa Inn Business Hotel Mexico,1374
Hotel Universal,9570
Holiday Inn Express México Basílica,12781
Hotel Villa Hermosa,8743
Hotel Suido,3035
Villa del Mar,4873
Hotel Bellini,16250
Hotel Panorama,11053
Hotel HOT Nayarit,6233
Hotel Naciones,14284
Hotel Guadalajara,17466
Hotel Centra2,11190
Kali Ciudadela,4847
Hotel Fleming,10667
Hotel San Diego,13043
Hotel Metropol,8236
City Express by Marriott Ciudad de México Alameda,8180
Hotel Proyectos Bustamante y Solorio,5376
Hotel San Francisco,16669
Hilton Mexico City Reforma,6019
Fiesta Inn Centro Histórico,15908
Roble,13242
Zocalo Rooms,14626
Casa Pepe,18997
Hampton Inn,16428
Hotel Roble,18613
Hotel Patria,8156
Road Scholar Hotel,9108
Gran Hotel de la Ciudad de México,3682
Hotel NH,18219
Hotel Montecarlo,15639
Hotel Isabel,18307
Hotel Niza,12854
Hotel Zamora,3559
Juarez,19486
Hotel Washington,4676
Hotel Montecarlo,3023
Punto MX,18945
Balcón del Zócalo,17563
Hotel Ritz,7624
Zócalo Central,19766
Hotel Templo Mayor,18585
Casa San Ildefonso,5910
Hotel Moneda,6391
Hotel Catedral,11751
Hotel Azores,18050
Continental,15478
Zócalo Central,4808
Hotel Seoul,7730
Balcón del Zócalo,17017
F Hotel,3979
Hotel Único SA de CV,17723
Hotel Flamencos,15597
Hotel Regina,2823
Hotel Castropol,15858
Hotel Roble,5323
Hotel Patria,17818
Roble,14612
Zocalo Rooms,15968
Hampton Inn,19478
Hotel Niza,2891
Hotel Panorama,19310
Hotel Club Piña y Toledo,16151
Villa del Mar,11098
Hotel HOT Nayarit,1713
Hotel Villa Hermosa,13974
Hotel Universal,9338
Hotel Bellini,1098
Holiday Inn Express México Basílica,8140
Hotel Circuito,19950
Hotel Modelo,3393
Hotel Saavedra y Villalpando S.A.,2484
Hotel Ojeda y de Jesús S. R.L. de C.V.,14883
Nvo Laredo,12289
Hotel Suido,3089
Hotel Naciones,18732
Hotel Turismo,2974
"Hotel Faro Hotel love, hotel de paso",3261
Holiday Inn Express México Basílica,16468
Hotel Villa Hermosa,2039
Hotel Bellini,10407
Hotel Negrete S. R.L. de C.V.,14397
Hotel Industrias Hurtado-Colunga,6897
Nvo Laredo,5437
Hotel Suido,14774
Hotel Naciones,13270
Hotel Turismo,13533
"Hotel Faro Hotel love, hotel de paso",15697
Holiday Inn Express México Basílica,13369
Hotel Villa Hermosa,13309
Hotel Bellini,3629
Hotel Milán,18671
Brick,5357
Colimazi,12395
Hotel Roosevelt,4887
Condesa DF,6848
Hotel Condesa,18604
Villa Condesa,13879
Hotel Marbella,18329
Hotel Embassy,5172
Hotel Puebla,8297
Balcón del Zócalo,1113
Hotel Zamora,1744
Zócalo Central,10776
Hotel Washington,16171
Juarez,18840
Hotel Ritz,14897
Best Western Hotel Majestic,18430
Hotel Principal,13428
Gran Hotel de la Ciudad de México,8525
Hotel Catedral,9110
One Ciudad de México Alameda,16093
Hotel Fontán,12342
Hotel San Francisco,6083
Fiesta Inn Centro Histórico,10032
"Hotel Chávez, Carrión y Zapata",7176
Hilton Mexico City Reforma,4697
Barceló México Reforma,2055
Hotel Metropol,14737
Hotel Plaza Revolución,1512
City Express by Marriott Ciudad de México Alameda,8886
Holiday Inn Express Mexico Reforma,7752
Hotel El Ejecutivo,3204
Hotel NY T Roma Boutique Reforma,4306
Hotel Suites Mi Casa,2100
Hotel Maria Cristina,15628
Emporio Reforma,2595
Hotel Premier,9019
Hotel Sevilla,2449
Holiday Inn Express  Suites Mexico Zona Reforma,14181
Hotel Regente,15383
Holiday Inn Express Mexico Reforma,8678
Hotel El Ejecutivo,18686
Hotel NY T Roma Boutique Reforma,8119
Hotel Suites Mi Casa,2849
Hotel Maria Cristina,5591
Emporio Reforma,17511
Hotel Premier,10478
Hotel Sevilla,8673
Holiday Inn Express  Suites Mexico Zona Reforma,19877
Hotel Regente,11449
Holiday Inn Express Mexico Reforma,19922
Hotel El Ejecutivo,11507
Hotel NY T Roma Boutique Reforma,8762
Hotel Suites Mi Casa,10888
Hotel Maria Cristina,5694
Emporio Reforma,18080
Hotel Premier,8243
Hotel Sevilla,14551
Holiday Inn Express  Suites Mexico Zona Reforma,10846
Hotel Regente,10016
Holiday Inn Express Mexico Reforma,2997
Hotel El Ejecutivo,19242
Hotel NY T Roma Boutique Reforma,6738
Hotel Suites Mi Casa,14998
Hotel Maria Cristina,19214
Emporio Reforma,17240
Hotel Premier,2536
Hotel Sevilla,12285
Holiday Inn Express  Suites Mexico Zona Reforma,13489
Hotel Regente,18185
Hotel Grupo Muro-Nevárez,11444
Hotel Naciones,14642
Hotel Suido,14377
Hotel Fajardo y Garica S.A. de C.V.,5889
Nvo Laredo,10826
Hotel Bellini,13335
Hotel Galván y Asociados,7025
Hotel Panorama,18626
Hotel Villa Hermosa,16516
Villa del Mar,8896
Hotel Sevilla,8384
Hotel El Ejecutivo,10854
Hotel NY T Roma Boutique Reforma,5730
Emporio Reforma,16172
Hotel Suites Mi Casa,2888
Holiday Inn Express Mexico Reforma,19428
Hotel Premier,14522
Hotel Regente,14648
Hotel Mallorca,19261
Holiday Inn Express  Suites Mexico Zona Reforma,18366
Hotel Embassy,5393
Sevilla Venue,13727
Hotel pf suites,8957
Suites Capri Sevilla,9355
Four Seasons Hotel Mexico City,7662
Kali Ciudadela,11822
Mansión Havre,3590
Galería Plaza Reforma,15738
La Querencia DF,13159
Principado,4029
Holiday Inn Express Mexico Reforma,18551
Hotel El Ejecutivo,7241
Hotel NY T Roma Boutique Reforma,2688
Hotel Suites Mi Casa,9796
Hotel Maria Cristina,13359
Emporio Reforma,2295
Hotel Premier,3384
Hotel Sevilla,7165
Holiday Inn Express  Suites Mexico Zona Reforma,19312
Hotel Regente,8111
"Hotel Grupo Carrión, Matías y Nieves",16708
Hotel Vásquez-Arevalo,7844
Hotel Lepanto,11910
Hotel Eco,10934
City Express Buenavista,1502
Hotel Las Américas,7940
Hotel MX Lagunilla,7226
Hotel Magnolia,4844
Hotel Emperador,16693
Holiday Inn Buenavista,8949
Hotel Embassy,7701
Sevilla Venue,13996
Hotel pf suites,8842
Suites Capri Sevilla,19090
Four Seasons Hotel Mexico City,11538
Kali Ciudadela,10275
Mansión Havre,13473
Galería Plaza Reforma,16278
La Querencia DF,18486
Principado,12772
Holiday Inn Express Mexico Reforma,11106
Hotel El Ejecutivo,9570
Hotel NY T Roma Boutique Reforma,12784
Hotel Suites Mi Casa,17803
Hotel Maria Cristina,17294
Emporio Reforma,16270
Hotel Premier,4231
Hotel Sevilla,16384
Holiday Inn Express  Suites Mexico Zona Reforma,11493
Hotel Regente,7656
Hotel Milán,13147
Brick,11253
Colimazi,14563
Hotel Roosevelt,2498
Condesa DF,19432
Hotel Condesa,8250
Villa Condesa,5781
Hotel Marbella,1531
Hotel Embassy,9545
Hotel Puebla,19130
City Express Buenavista,19977
Hotel Suido,14683
Hotel Naciones,10672
Nvo Laredo,5994
Holiday Inn Buenavista,7428
Hotel Proyectos Guardado y Gastélum,11809
Gilbert,8537
Hotel Eco,13446
"Hotel Laboratorios Gaitán, Merino y Galindo",19670
Hotel Mala Vecindad,9052
Hotel MX Lagunilla,17361
Hotel Guadalajara,19043
Hotel Magnolia,12061
Hotel Emperador,9432
Hotel Las Américas,17011
Hotel Sonora,17075
Hotel Diligencias,16100
F Hotel,6512
Hotel Atlanta,12540
Casa San Ildefonso,6546
Balcón del Zócalo,5586
Hotel Zamora,18909
Zócalo Central,17001
Hotel Washington,7030
Juarez,18764
Hotel Ritz,2924
Best Western Hotel Majestic,18168
Hotel Principal,2108
Gran Hotel de la Ciudad de México,3435
Hotel Catedral,2589
Hotel Mala Vecindad,1209
Hotel Lona,14513
"Hotel Ulloa, Varela y Meza",5505
Hotel La Joya,8583
Ramada Reforma,3227
Holiday Inn Buenavista,5948
Hotel Mónaco Ciudad de México,1299
Hotel Plaza Revolución,8167
Managua,17571
Barceló México Reforma,15942
Hotel Embassy,13229
Sevilla Venue,2980
Hotel pf suites,16833
Suites Capri Sevilla,16986
Four Seasons Hotel Mexico City,1515
Kali Ciudadela,1216
Mansión Havre,18439
Galería Plaza Reforma,19076
La Querencia DF,14478
Principado,1388
Holiday Inn Express Mexico Reforma,1548
Hotel El Ejecutivo,18347
Hotel NY T Roma Boutique Reforma,10002
Hotel Suites Mi Casa,18555
Hotel Maria Cristina,10394
Emporio Reforma,1561
Hotel Premier,17456
Hotel Sevilla,15109
Holiday Inn Express  Suites Mexico Zona Reforma,6874
Hotel Regente,4506
City Express Buenavista,4156
Hotel Suido,18183
Hotel Naciones,5879
Nvo Laredo,8896
Holiday Inn Buenavista,7289
"Hotel Galindo, Estévez y Rosario",18250
Gilbert,9271
Hotel Eco,12614
Hotel Laboratorios Santiago y Perales,9759
Hotel Mala Vecindad,14005
Hotel Embassy,3589
Sevilla Venue,13224
Hotel pf suites,14304
Suites Capri Sevilla,16040
Four Seasons Hotel Mexico City,19513
Kali Ciudadela,8969
Mansión Havre,8400
Galería Plaza Reforma,10829
La Querencia DF,3641
Principado,2038
Holiday Inn Express Mexico Reforma,4063
Hotel El Ejecutivo,14280
Hotel NY T Roma Boutique Reforma,13427
Hotel Suites Mi Casa,13359
Hotel Maria Cristina,19110
Emporio Reforma,16597
Hotel Premier,2838
Hotel Sevilla,1309
Holiday Inn Express  Suites Mexico Zona Reforma,6615
Hotel Regente,3709
Hotel Guadalajara,17379
Hotel MX Lagunilla,15218
Hotel Magnolia,11855
Hotel Linares y Robledo e Hijos,19541
Hotel Emperador,4124
Hotel Las Américas,18306
Hotel Suido,2394
Hotel Polo,8528
Hotel Reforma,7927
Hotel Sonora,19572
Holiday Inn Express Mexico Reforma,16581
Hotel El Ejecutivo,9883
Hotel NY T Roma Boutique Reforma,2525
Hotel Suites Mi Casa,3436
Hotel Maria Cristina,10187
Emporio Reforma,18794
Hotel Premier,19465
Hotel Sevilla,2078
Holiday Inn Express  Suites Mexico Zona Reforma,6877
Hotel Regente,11305
Hotel Embassy,1513
Sevilla Venue,7788
Hotel pf suites,5724
Suites Capri Sevilla,14051
Four Seasons Hotel Mexico City,3521
Kali Ciudadela,10806
Mansión Havre,6323
Galería Plaza Reforma,19479
La Querencia DF,8879
Principado,19569
Hotel Roosevelt,13751
Mansión Havre,18713
Principado,11870
Paraíso,13577
Holiday Inn Express Mexico Reforma,5585
Segovia Regency,3569
Marriott,17409
Eurostars Hotel,12333
Holiday Inn Express  Suites Mexico Zona Reforma,2759
Hotel Geneve Mexico City,4200
Hôtel Fabiola,15322
Gran Hotel Amazonas,8606
Hotel Goya,3490
Hotel Cadena,12160
Quinta Bugambilias,13999
Hotel,11694
Faro,1970
Hotel MAGA,9956
Hotel Polo,15763
Hotel Catalina,17076
Hotel Único SA de CV,8475
Hotel Regina,12659
Hotel Castropol,19121
Hotel Flamencos,13301
Hotel Roble,15150
Hotel Patria,7086
Roble,13454
Zocalo Rooms,3808
Hampton Inn,10678
Casa Pepe,9075
Hotel Sevilla,3408
Hotel Mallorca,3688
Hotel Astor,9780
Hotel Maria Cristina,6053
Gilbert,13451
Hotel Arizona,6055
Holiday Inn Buenavista,13767
Holiday Inn Express Mexico Reforma,11376
Hotel La Joya,12819
Hotel El Ejecutivo,4491
Camino Real,3998
Camino Real,1170
Westin Santa Fe,11101
HauSuites  Spa,15573
DoubleTree by Hilton,12793
Holiday Inn Express,9839
Holiday Inn,4349
Novotel,5341
JW Marriott,3860
Hilton Santa Fe,7140
Colimazi,15122
La Querencia DF,15707
Hotel Marbella,19251
Hotel Puebla,19177
Hotel Benidorm,17791
Hotel Estadio,14370
Principado,4384
Hotel Milán,1860
Hotel Embassy,3936
Holiday Inn Express  Suites Mexico Zona Reforma,12597
Le Méridien Mexico City,19160
Hotel Plaza Belices,4049
Hotel Imperial Reforma,11630
Hotel Casa Blanca,13623
Hotel Palace,1404
Hotel Regente,10563
Hotel Plaza Madrid,14559
Fiesta Americana Reforma,13707
Hotel Mallorca,3775
Sevilla Palace,19334
Contempo Suites,8954
Wyndham Garden,19741
"The RitzCarlton, Mexico City",18075
Hotel Marquis Reforma,6556
Fiesta Americana,13475
Camino Real,6554
Four Seasons Hotel Mexico City,5549
St Regis,9811
Casa Inn Business Hotel Mexico,10867
Hotel City Express Suites Anzures,9795
Hotel Atlanta,17158
F Hotel,5781
Hotel Sonora,3073
Juarez,6479
Hotel Diligencias,15243
Hotel Zamora,10042
Hotel Washington,14798
Hotel Azores,10822
Hotel Ritz,16867
Balcón del Zócalo,3520
Hotel Jacarandas,12833
City Express Buenavista,9247
Casa del Estudiante Duranguense,9080
Gilbert,17246
Holiday Inn Buenavista,7407
Hotel Palomino y Ballesteros e Hijos,16003
Hotel Eco,4505
Hotel Lepanto,5439
Hotel Laboratorios Valdivia y Mena,10983
Hotel Mala Vecindad,1221
Punto MX,13966
Hotel Principal,11886
Hotel Cadena,13448
Hotel El Salvador,11798
Hotel Isabel,15425
Hotel Virreyes,11968
Hôtel Fabiola,15110
Hotel Niza,5460
Hotel Ritz,10844
Hotel Montecarlo,11507
Hotel MAGA,7581
Hotel Mexicali,16696
Hotel Goya,11295
Gran Hotel Amazonas,6820
Hotel Regalado y Asociados,14049
Hotel Aranjuez,11457
Hôtel Fabiola,10550
Hotel Reforma,17089
Hotel Polo,19870
Hotel Cadena,8943
Hotel,11678
Colimazi,13322
Hotel Polo,10184
Faro,13875
Hotel Puebla,12960
Hotel Catalina,4731
Hotel Marbella,19476
Hotel Milán,7547
Hotel Cadena,18879
La Querencia DF,6895
Hotel Jacarandas,19025
City Express Buenavista,1881
Casa del Estudiante Duranguense,16126
Gilbert,7869
Holiday Inn Buenavista,15367
Hotel Proyectos Rivera-Menéndez,10546
Hotel Eco,3266
Hotel Lepanto,14406
Hotel Vázquez e Hijos,17361
Hotel Mala Vecindad,5560
Emporio Reforma,10923
Fiesta Americana Reforma,8930
Hotel Premier,9279
Casa Prim,6050
Hotel Suites Mi Casa,14865
Hotel Imperial Reforma,13353
Sevilla Palace,3423
Hotel El Ejecutivo,15715
Le Méridien Mexico City,16703
Hotel NY T Roma Boutique Reforma,14133
Hotel Arizona,18510
Hotel Bustos-Salinas S.A.,17600
Hotel La Joya,14706
Hotel Palace,18814
Hotel Plaza Madrid,2204
Hotel Regente,12781
Hotel Casa Blanca,18593
Hotel Astor,3784
Sevilla Palace,4583
Le Méridien Mexico City,9134
Hotel Isabel,12632
Hotel Niza,6450
Hotel Zamora,2451
Juarez,19455
Hotel Washington,14094
Hotel Montecarlo,11865
Punto MX,15105
Balcón del Zócalo,4471
Hotel Ritz,1345
Zócalo Central,4231
Hotel Sandoval-Benavídez y Asociados,9478
Hotel Eco,8274
Hotel Industrias Crespo-Melgar,17733
Hotel Lepanto,17999
City Express Buenavista,19284
Hotel Mónaco Ciudad de México,19849
Hotel Las Américas,8242
San Fernando,15607
Managua,13259
Holiday Inn Buenavista,13816
Hotel Eco,16173
Hotel Magnolia,17399
Hotel Emperador,5939
Hotel Las Américas,12303
Hotel MX Lagunilla,1804
Hotel Diligencias,16819
Hotel Grupo Nevárez y Otero,4425
Hotel de la O-Ortiz,10680
Hidalgo,14630
San Fernando,3813
Hotel Mala Vecindad,4803
Hotel Mónaco Ciudad de México,5642
Hotel Lona,12414
Holiday Inn Buenavista,11220
Ramada Reforma,12241
Managua,15920
Gilbert,7778
Hotel La Joya,18075
San Fernando,16824
Hotel Carreón S.A.,12413
Roble,16602
Zocalo Rooms,4198
Casa Pepe,15357
Hampton Inn,15825
Hotel Roble,11450
Hotel Patria,3201
Road Scholar Hotel,10839
Gran Hotel de la Ciudad de México,2464
Hotel NH,4771
Hotel Montecarlo,1740
Kali Ciudadela,12241
Hotel Fleming,4583
Hotel Centra2,6385
City Express by Marriott Ciudad de México Alameda,8992
Hotel Metropol,17908
Hotel Grupo Camacho y Botello,6716
Hotel San Diego,19084
Hilton Mexico City Reforma,6247
Hotel San Francisco,11845
Fiesta Inn Centro Histórico,19345
Hotel María Condesa,14971
Paraíso,16140
Hotel Club Bonilla-Valles,8597
Casa Condesa,14272
FlowSuites Condesa,7044
Hotel Parque México Suites,7107
La Mansion,15160
Hotel Roosevelt,13962
Condesa DF,1956
Hotel Condesa,7465
Hidalgo,15731
Hotel Diligencias,15075
Hotel de Cortés,13741
Hotel San Francisco,1145
Hotel Atlanta,8038
Hotel Emperador,7743
Hilton Mexico City Reforma,10120
Hotel Magnolia,3050
Hotel Metropol,19918
Hotel Las Américas,4334
Ramada Reforma,18592
Hotel Plaza Revolución,7126
Barceló México Reforma,12986
Hotel Mónaco Ciudad de México,11681
Managua,7457
San Fernando,15993
Hotel Lona,4734
Hotel Fontán,9596
One Ciudad de México Alameda,17039
Hotel Casa Blanca,18292
Hotel Casa Blanca,11269
Hotel Imperial Reforma,13734
Le Méridien Mexico City,13862
Hotel Palace,4743
Fiesta Americana Reforma,12400
Barceló México Reforma,12533
Hotel Plaza Revolución,16003
Sevilla Palace,6653
Hotel Plaza Madrid,10746
Hotel Corporacin Robles-Padrón,3777
Hotel Isabel,5389
Hotel Niza,11262
Hotel Zamora,4862
Juarez,8817
Hotel Washington,11006
Hotel Montecarlo,4832
Punto MX,6998
Balcón del Zócalo,13232
Hotel Ritz,5632
Zócalo Central,17738
Hotel Royal Zona Rosa,13729
Hotel Century Reforma,14704
Hotel NH Collection Mexico City Reforma,5517
Hotel Suites Amberes,19835
Segovia Regency,13573
Hotel Geneve Mexico City,14862
Eurostars Hotel,7086
City Express Plus by Marriott Reforma El Ángel,16947
Marriott,18608
Galería Plaza Reforma,6676
Hotel Bellini,19183
Hotel Villa Hermosa,6467
Villa del Mar,17044
Hotel Panorama,10464
Holiday Inn Express México Basílica,5597
Hotel HOT Nayarit,7130
Hotel Olmos A.C.,11308
Hotel Universal,15778
Hotel Circuito,2756
Hotel Modelo,12764
Brick,1314
Hotel Milán,16879
Segovia Regency,5473
La Mansion,7393
Hotel Roosevelt,13581
Hotel California,19401
Hotel Royal Zona Rosa,17562
Hotel Embassy,17219
AirBnB Mexico,14406
Hotel Century Reforma,17112
Camino Real,14619
Camino Real,15544
Westin Santa Fe,17013
HauSuites  Spa,6480
DoubleTree by Hilton,3708
Holiday Inn Express,19526
Holiday Inn,2011
Novotel,8226
JW Marriott,10571
Hilton Santa Fe,2071
Camino Real,10006
Camino Real,8367
Westin Santa Fe,18616
HauSuites  Spa,10459
DoubleTree by Hilton,6511
Holiday Inn Express,15985
Holiday Inn,19535
Novotel,17230
JW Marriott,19013
Hilton Santa Fe,17738
Ramada Reforma,4709
Hotel Plaza Revolución,19766
Barceló México Reforma,4742
Hotel Mónaco Ciudad de México,9778
Managua,18796
San Fernando,13021
Hotel Lona,18761
Hotel Fontán,2363
One Ciudad de México Alameda,15462
Hotel Casa Blanca,18902
Mansión Havre,8161
Hotel NH Collection Mexico City Reforma,14931
Hotel pf suites,4355
Hotel Century Reforma,9111
Hotel Geneve Mexico City,10755
Eurostars Hotel,2056
Principado,15736
Segovia Regency,9611
Hotel Royal Zona Rosa,12422
Hotel Suites Amberes,3850
Hotel Mala Vecindad,15387
Hotel Lona,4846
Hotel La Joya,8764
Hotel Club Partida y Covarrubias,7877
Holiday Inn Buenavista,12489
Gilbert,15030
Hotel Arizona,6438
Hotel Palace,5562
Ramada Reforma,7770
Hotel Casa Blanca,7781
Ramada Reforma,2945
Hotel Plaza Revolución,19680
Barceló México Reforma,12495
Hotel Mónaco Ciudad de México,18441
Managua,10210
San Fernando,18654
Hotel Lona,6517
Hotel Fontán,11605
One Ciudad de México Alameda,10589
Hotel Casa Blanca,10480
Hotel Caraballo S.A. de C.V.,19767
Hotel Eco,9760
Hotel Club Rael y Roldán,17856
Hotel Lepanto,4120
City Express Buenavista,5442
Hotel Mónaco Ciudad de México,14487
Hotel Las Américas,2942
San Fernando,10087
Managua,5157
Holiday Inn Buenavista,5348
"Hotel Despacho Montañez, Polanco y Olivas",9181
Hotel Plaza Revolución,5792
Hotel La Joya,11554
Ramada Reforma,9111
Barceló México Reforma,13868
Hotel Lona,17038
Hotel Arizona,5658
Hotel Casa Blanca,19921
Hotel Palace,9805
Hotel Mala Vecindad,14573
Mansión Havre,13293
Hotel NH Collection Mexico City Reforma,15810
Hotel pf suites,3474
Hotel Century Reforma,4050
Hotel Geneve Mexico City,14200
Eurostars Hotel,17895
Principado,10116
Segovia Regency,13093
Hotel Royal Zona Rosa,15899
Hotel Suites Amberes,16992
Kali Ciudadela,11724
Hotel Fleming,1081
Hotel Centra2,4052
City Express by Marriott Ciudad de México Alameda,16022
Hotel Metropol,12738
Hotel Santacruz-Rolón S.A.,3075
Hotel San Diego,18512
Hilton Mexico City Reforma,14032
Hotel San Francisco,8137
Fiesta Inn Centro Histórico,15078
Hotel Sevilla,7941
Hotel Mallorca,17210
Hotel Astor,9799
Hotel Maria Cristina,11579
Gilbert,10292
Hotel Arizona,12067
Holiday Inn Buenavista,18934
Holiday Inn Express Mexico Reforma,19937
Hotel La Joya,5279
Hotel El Ejecutivo,19551
Hotel Rocha y Martínez S.C.,16903
Hotel Lona,12263
Hotel Plaza Revolución,2586
Ramada Reforma,2505
Hotel La Joya,4262
Hotel Mala Vecindad,16059
Barceló México Reforma,1533
Hotel Mónaco Ciudad de México,5071
Hotel Arizona,6176
Hotel Palace,15460
Hotel HOT Nayarit,15959
Hotel Panorama,1022
Villa del Mar,15018
Hotel Villa Hermosa,7629
Holiday Inn Express México Basílica,5322
Hotel Bellini,10891
Hotel Universal,6209
"Hotel Saavedra, Castellanos y Carrasco",9979
Hotel Circuito,4058
Hotel Modelo,12810
Hotel Goya,9204
Gran Hotel Amazonas,3700
Hotel MAGA,13184
Hôtel Fabiola,6423
Hotel Mexicali,2696
Hotel Cadena,13987
Hotel Polo,11010
Hotel,8672
Faro,15065
Hotel Rascón y Pabón A.C.,3988
Villa Condesa,4118
Hotel Condesa,1035
Condesa DF,7993
Sevilla Venue,16624
Suites Capri Sevilla,3553
Hotel pf suites,5348
Four Seasons Hotel Mexico City,8411
Hotel Roosevelt,18021
"The RitzCarlton, Mexico City",15583
Suites Capri Reforma 410,1304
Le Méridien Mexico City,1264
Hotel Plaza Belices,12258
Hotel Imperial Reforma,4951
Hotel Casa Blanca,14838
Hotel Palace,5331
Hotel Regente,16653
Hotel Plaza Madrid,3320
Fiesta Americana Reforma,8502
Hotel Mallorca,13552
Sevilla Palace,3927
Hotel Las Américas,4356
Hotel Melgar-Barragán S.C.,4381
Hotel MX Lagunilla,11267
Hotel Lepanto,13044
Hotel Magnolia,10805
Hotel Emperador,5493
Hotel Corporacin Ríos y Segovia,13541
Hotel Eco,5362
San Fernando,5681
Hidalgo,3241
Hotel Ritz,18383
Balcón del Zócalo,19457
Hotel Principal,1277
Best Western Hotel Majestic,6377
Hotel Washington,15421
Zócalo Central,12507
Hotel Zamora,7981
Gran Hotel de la Ciudad de México,5960
Juarez,14490
Hotel NH,15496
Hotel Garage Esperanza,8118
"Hotel Corporacin Rosado, Jasso y Casillas",3840
Hotel California,4292
Hotel Reforma,5587
Hotel Plaza Delta,5035
Hotel Gaitán-Rodríquez e Hijos,13583
Hotel Escala,12519
Casa Blanca,15070
Hotel Benidorm,11305
Hotel Estadio,5581
Gilbert,9119
Holiday Inn Buenavista,10075
Casa del Estudiante Duranguense,3760
Hotel Mala Vecindad,9131
Hotel La Joya,19133
Hotel Lona,10336
Hotel Despacho Muñiz-Zepeda,1878
City Express Buenavista,10884
Hotel Arizona,7732
Hotel Eco,17965
Ramada Reforma,17696
Hotel Plaza Revolución,7181
Barceló México Reforma,13836
Hotel Mónaco Ciudad de México,10684
Managua,2788
San Fernando,8842
Hotel Lona,17216
Hotel Fontán,13644
One Ciudad de México Alameda,4694
Hotel Casa Blanca,8899
Hotel de Jesús e Hijos,17370
Hotel Reforma,3326
Hotel Garage Esperanza,18310
Hotel Polo,1395
Hotel Mexicali,12832
Hotel Aranjuez,11370
Hotel MAGA,5324
Hotel California,13675
Hotel Grupo Durán-de la Rosa,19624
Hotel Goya,14790
San Fernando,12973
Managua,18903
Hidalgo,6661
Hotel Mónaco Ciudad de México,16434
Hotel Mala Vecindad,3391
Hotel Diligencias,1546
Hotel Lona,3212
Ramada Reforma,1451
Hotel de Cortés,9591
Hotel Emperador,8069
Hotel Atlanta,2305
F Hotel,2981
Hotel Sonora,14040
Juarez,17600
Hotel Diligencias,10387
Hotel Zamora,17418
Hotel Washington,14612
Hotel Azores,14879
Hotel Ritz,14181
Balcón del Zócalo,3700
Hotel Palace,18582
Hotel Plaza Madrid,18617
Hotel Arizona,6003
Hotel Regente,10092
Sevilla Palace,3739
Le Méridien Mexico City,11155
Hotel Casa Blanca,3589
"Hotel Despacho Gálvez, Roldán y Montez",17754
Fiesta Americana Reforma,7658
Hotel Imperial Reforma,6091
Hotel Catalina,18576
Hotel,11706
Faro,13803
Hotel Madrigal-Henríquez A.C.,3166
Hotel Polo,11163
Hotel Reforma,15335
Hotel Virreyes,8819
Hotel Cadena,2897
Hotel San Diego,9011
Kali Ciudadela,3825
Camino Real,15237
Camino Real,4800
HauSuites  Spa,15856
Westin Santa Fe,2803
DoubleTree by Hilton,11134
Holiday Inn Express,6755
Holiday Inn,4913
Novotel,1415
JW Marriott,5496
The Paragon Hotel Mexico City Santa Fe By Accor,1371
F Hotel,6368
Hotel Diligencias,17266
Hotel Atlanta,12360
Hotel Sonora,18137
Hidalgo,17948
Hotel Azores,9495
Hotel Emperador,6471
Juarez,13185
Hotel Catedral,5159
Hotel Magnolia,9806
AirBnB Mexico,4868
Casa Blanca,1961
Hotel Escala,11977
Hotel Estadio,15068
La Mansion,9912
Hotel Benidorm,18165
Hotel Marbella,3092
Paraíso,9616
Hotel Roosevelt,19895
Hotel Milán,3525
Punto MX,17257
Hotel Principal,15915
Hotel Cadena,17737
Hotel El Salvador,12800
Hotel Isabel,2816
Hotel Virreyes,17371
Hôtel Fabiola,19575
Hotel Niza,6468
Hotel Ritz,13048
Hotel Montecarlo,6154
Hotel Flamencos,9359
Hotel Cadena,4371
Hôtel Fabiola,19805
Hotel Niza,4779
Hotel Castropol,8484
Hotel Único SA de CV,17673
Hotel Virreyes,1084
Hotel Roble,2443
Hotel Isabel,1402
Hotel Catalina,9013
Hotel Suido,2506
Hotel Naciones,16458
Nvo Laredo,12926
Hotel Bonilla-de la Fuente y Asociados,13549
Hotel Lepanto,5917
"Hotel Quesada, Quintanilla y Avilés",6864
Hotel Terrazas-Peralta,2158
City Express Buenavista,19116
"Hotel Club Niño, Madrid y Santacruz",14741
Hotel Turismo,8356
Hotel Ambos Mundo,11544
Hotel Ermita,9135
Hotel Ermita,14639
Hotel Báez-Godoy,11483
Hotel Lira,9888
"Hotel Courtyard by Marriott, Cd de México Revolución",3552
Hotel  Villas Patriotismo,19728
"Hotel Barrios, Luna y Bañuelos",13216
Hotel Escandón,4912
Hotel María Condesa,17450
Hotel Jacarandas,2725
Casa del Estudiante Duranguense,6876
Gilbert,8313
Hotel Plaza Belices,17900
Holiday Inn Buenavista,2504
Hotel del Prado,14137
Panamá,3258
City Express Buenavista,16240
Hotel La Joya,10250
Hotel Mala Vecindad,11180
Hotel Regalado-Llamas e Hijos,11724
"Hotel Courtyard by Marriott, Cd de México Revolución",3830
Hotel Ambos Mundo,19123
Hotel Ermita,15966
Hotel Ermita,1261
Hotel Lira,13088
Hotel  Villas Patriotismo,7575
"Hotel Proyectos Chacón, Girón y Montemayor",10554
Hotel Escandón,19474
Hotel María Condesa,10958
FlowSuites Polanco,8948
Dominion Corporate Suites,16201
Hotel Habita,13067
Intercontinental Presidente Chapultepec,17166
Las Alcobas,7403
Hyatt Regency,18909
Marriott,9032
W Mexico City,5933
Hotel Polanco,1208
OBELISK SUITES,14436
Fiesta Inn Insurgentes Viaducto,1783
Hotel Rey,8634
Hotel Vermont,18745
Hotel Novit,12351
Fiesta Americana,1314
Holiday Inn Express,11977
Holiday inn,1047
Izzzleep Hotel,13329
Krystal Grand Suites Insurgentes,11076
FlowSuites WTC,4406
W Mexico City,7723
Marriott,18360
Dominion Corporate Suites,8804
OBELISK SUITES,14756
Intercontinental Presidente Chapultepec,17122
FlowSuites Polanco,2962
Las Alcobas,5665
Hyatt Regency,10169
Hotel Polanco,4048
Hotel Habita,2438
Hotel Ambos Mundo,8584
"Hotel Merino, Ibarra y Montero",18031
Hotel Ermita,14535
Hotel Ermita,13205
"Hotel Courtyard by Marriott, Cd de México Revolución",16022
Hotel Lira,3782
Hotel  Villas Patriotismo,4131
"Hotel Proyectos Cepeda, Flórez y Cisneros",17561
Hotel Escandón,5374
Holiday Inn Ciudad de México Trade Center,13922
Hotel Hipodromo,3452
Hotel Pensil,19606
Panamá,3040
Hotel Villas Coloniales,15253
"Hotel Nájera, Orosco y Cadena",5283
Hotel Quiroz-Cantú S.A.,8758
Hotel Rosinante,10557
Hotel Jacarandas,9552
Hotel Habita,11322
Las Alcobas,13876
Panamá,11690
Hotel Pensil,11422
Hotel Hipodromo,15835
Hotel Jacarandas,9911
Hotel Villas Coloniales,8654
Casa del Estudiante Duranguense,3447
Hotel del Prado,7642
Hotel Despacho Magaña y Oquendo,5460
Hotel Rosinante,4570
Hotel Plaza Belices,6092
Hotel Hipodromo,4462
Hotel Pensil,6386
Panamá,15731
Hotel Villas Coloniales,16271
"Hotel Laboratorios Archuleta, Palomo y Ureña",11290
Hotel Corporacin Rincón-Benavídez,14320
Hotel Rosinante,4956
Hotel Habita,18561
Las Alcobas,12740
Gemalto Polanco,7803
Hotel del Prado,15808
Hotel Plaza Belices,11102
Armonik Suites,16182
Hotel City Express Suites Anzures,9683
Bristol,4929
Casa del Estudiante Duranguense,3962
Camino Real,6164
Hotel del Ángel,10968
Casa Inn Business Hotel Mexico,2321
Hotel Reforma,8045
"Hotel Echeverría, Prieto y Pelayo",11741
Hotel Castro-Arredondo,5860
Hotel Escandón,3988
Hotel Ambos Mundo,9133
"Hotel Courtyard by Marriott, Cd de México Revolución",12656
Hotel  Villas Patriotismo,13984
Hotel Ermita,17825
Hotel Ermita,2604
Holiday Inn Express,10792
Holiday inn,9525
Hotel Industrias Niño-Alarcón,6697
Hotel Carrero-Garrido,2018
Hotel Escandón,14251
Hotel Ambos Mundo,15817
"Hotel Courtyard by Marriott, Cd de México Revolución",19217
Hotel  Villas Patriotismo,19026
Hotel Ermita,9187
Hotel Ermita,4103
Holiday Inn Express,16140
Holiday inn,4339
The Place Corporate Rentals by Dominion,5580
Hotel Collazo y Vanegas S. R.L. de C.V.,4979
Aqua,1391
Hilton Santa Fe,3020
Sheraton,8283
Novotel,5283
JW Marriott,7492
Camino Real Santa Fe,14126
Westin Santa Fe,13197
DoubleTree by Hilton,3753
Hotel Morales y Espinoza S.A. de C.V.,9481
Gemalto Polanco,3457
Hotel Habita,1714
Las Alcobas,3112
Hotel Polanco,7479
Hotel Pensil,15530
OBELISK SUITES,5220
FlowSuites Polanco,4013
Hotel City Express Suites Anzures,11864
Dominion Corporate Suites,5014
The Place Corporate Rentals by Dominion,2399
Hotel Santillán-Cortés S. R.L. de C.V.,16105
Aqua,2659
Hotel Lira,6504
"Hotel Courtyard by Marriott, Cd de México Revolución",19805
Holiday Inn Ciudad de México Trade Center,15193
"Hotel Meza, Puga y Aguilar",13943
Hotel Ambos Mundo,17257
Hotel Ermita,1966
Hotel Ermita,13541
"Hotel Barrientos, Sánchez y Rael",14980
"Hotel Courtyard by Marriott, Cd de México Revolución",6662
Hotel Ambos Mundo,12598
Hotel Ermita,8035
Hotel Ermita,7132
Hotel Lira,10010
Hotel  Villas Patriotismo,10170
"Hotel Fajardo, Marín y Zavala",15614
Hotel Escandón,5870
Hotel María Condesa,2135
Hotel Apodaca-Zambrano S. R.L. de C.V.,9053
"Hotel Courtyard by Marriott, Cd de México Revolución",10670
Hotel Ambos Mundo,17347
Hotel Ermita,14500
Hotel Ermita,19044
Hotel Lira,16696
Hotel  Villas Patriotismo,2998
Hotel Centeno-Rascón,3874
Hotel Escandón,10167
Hotel María Condesa,13550
Hotel Acosta-Villanueva S.C.,5496
"Hotel Courtyard by Marriott, Cd de México Revolución",14737
Hotel Ambos Mundo,7535
Hotel Ermita,18229
Hotel Ermita,9164
Hotel Lira,18814
Hotel  Villas Patriotismo,1639
Hotel Maestas-Roybal,13533
Hotel Escandón,12767
Hotel María Condesa,16718
Gemalto Polanco,18842
Hotel Laboratorios Sevilla-Navarrete,16881
Hotel Habita,12273
Las Alcobas,19535
Hotel Polanco,17462
Hotel City Express Suites Anzures,11538
Hotel Pensil,13726
Camino Real,9861
FlowSuites Polanco,6892
OBELISK SUITES,1854
Intercontinental Presidente Chapultepec,11448
OBELISK SUITES,8176
Marriott,1960
Hyatt Regency,10205
Hotel Polanco,2919
W Mexico City,16456
Dominion Corporate Suites,18348
FlowSuites Polanco,12712
Las Alcobas,8627
Hotel Habita,6230
"Hotel Marrero, Zambrano y Centeno",4281
"Hotel Courtyard by Marriott, Cd de México Revolución",9121
Hotel Ambos Mundo,8902
Hotel Ermita,9733
Hotel Ermita,18487
Hotel Lira,2832
Hotel  Villas Patriotismo,8189
Hotel Muñiz y Aranda S. R.L. de C.V.,19864
Hotel Escandón,13727
Hotel María Condesa,12626
Hotel Fernández-Terrazas S.A.,6692
Gemalto Polanco,6770
Hotel Habita,8751
Las Alcobas,11420
Hotel Polanco,12756
Hotel Pensil,1924
OBELISK SUITES,12523
FlowSuites Polanco,19600
Hotel City Express Suites Anzures,19468
Dominion Corporate Suites,5656
Hotel City Express Suites Anzures,19451
Camino Real,7168
Fiesta Americana,17129
Wyndham Garden,18764
Contempo Suites,11127
"The RitzCarlton, Mexico City",6752
Hotel Marquis Reforma,17070
Casa Inn Business Hotel Mexico,2243
Hotel Habita,3957
St Regis,2840
Hotel Lira,8622
Casa Condesa,8169
Villa Condesa,1653
Hotel Condesa,18250
Hotel María Condesa,16662
Condesa DF,1022
"The RitzCarlton, Mexico City",11870
Four Seasons Hotel Mexico City,7601
Fiesta Americana,5275
Contempo Suites,12165
Hotel Hipodromo,6815
Hotel Pensil,11603
"Hotel Club Cardona, Montoya y Muñiz",2951
Panamá,1718
Fiesta Americana,5840
Hotel del Prado,5641
Gemalto Polanco,4634
Hotel Habita,18245
Hotel Jacarandas,12956
Hotel Plaza Belices,3376
Hotel Escandón,13241
Hotel Granado S.C.,13962
Fiesta Inn Insurgentes Viaducto,4310
Hotel Vermont,12028
Hotel  Villas Patriotismo,10888
Hotel Rey,11571
Fiesta Americana,5471
Holiday Inn Express,6161
Holiday inn,15315
Hotel Novit,16964
Hotel Pensil,11396
"Hotel Zamora, Piña y Ornelas",6708
Hotel Hipodromo,19414
Hotel del Prado,12692
Hotel Habita,8315
Hotel Plaza Belices,6745
Hotel City Express Suites Anzures,13398
Las Alcobas,11053
Armonik Suites,10650
Camino Real,5172
Hotel Proyectos Miranda-Laboy,6823
"Hotel Courtyard by Marriott, Cd de México Revolución",1058
Hotel Ambos Mundo,19770
Hotel Ermita,13831
Hotel Ermita,19595
Hotel  Villas Patriotismo,2061
"Hotel Sanches, Arce y Reyna",6966
Hotel Escandón,11427
Holiday Inn Ciudad de México Trade Center,8238
FlowSuites WTC,19531
Hotel Lira,4411
Hotel Ermita,17258
Hotel Ermita,5608
Hotel Ambos Mundo,11851
Hotel Rivero S.C.,3549
Hotel  Villas Patriotismo,8798
Hotel María Condesa,12364
Casa Condesa,11469
Hotel Escandón,6501
"Hotel Club Gonzales, Nieto y Ramón",3907
Hotel Pensil,12001
Hotel Hipodromo,15635
Panamá,1373
Hotel Rico-Pantoja e Hijos,9690
Hotel Villas Coloniales,7870
Hotel Rosinante,9176
"Hotel Robledo, Solorio y Soliz",3221
Hotel Jacarandas,12484
Hotel Habita,9410
Hotel del Prado,4540
The Place Corporate Rentals by Dominion,1041
Aqua,2577
Hotel Castañeda-Saucedo,13646
Hilton Santa Fe,15359
Sheraton,14751
Camino Real Santa Fe,6450
JW Marriott,14566
Novotel,17157
Westin Santa Fe,13409
DoubleTree by Hilton,12509
Hotel Polanco,18892
Las Alcobas,13299
OBELISK SUITES,4323
W Mexico City,16711
Marriott,19941
Hotel Aragón-Heredia S.A. de C.V.,8391
Dominion Corporate Suites,6329
Intercontinental Presidente Chapultepec,15787
FlowSuites Polanco,3415
Hyatt Regency,2094
The Place Corporate Rentals by Dominion,10663
Hotel Iglesias y Campos e Hijos,1657
Aqua,11443
Hilton Santa Fe,9556
Sheraton,4431
Novotel,3431
JW Marriott,12200
Camino Real Santa Fe,6574
Westin Santa Fe,13303
DoubleTree by Hilton,6272
Holiday Inn Express  Suites,3457
Quinta Bugambilias,18925
Hotel Único SA de CV,4050
Gran Hotel Amazonas,12073
Hotel MAGA,16818
Hotel Mexicali,2015
Hotel Goya,15133
Hotel Regina,6406
Hotel Flamencos,15227
Hotel Castropol,6147
Hotel Seoul,2754
Hotel San Alfonso,4318
Continental,11849
Hotel Templo Mayor,7735
Casa San Ildefonso,7225
Hotel Moneda,14411
Hotel Catedral,19157
Hotel Azores,18698
Hotel Patria,9692
Zocalo Rooms,10224
Hotel Aeropuerto,10745
We Hotel Aeropuerto,8783
City Express,4142
"Hotel Rincón, Gallardo y Polanco",2626
Camino Real Aeropuerto,13874
Hotel San Alfonso,19735
Hotel Seoul,19011
Continental,17087
Marriott Courtyard,6032
izZzleep  Hospedaje inteligente  Hotel Aeropuerto Terminal 1,2786
"Hotel Proyectos Brito, Feliciano y Fierro",12823
We Hotel Aeropuerto,1125
Hotel Aeropuerto,15011
City Express,3871
Camino Real Aeropuerto,10651
Marriott Courtyard,16739
izZzleep  Hospedaje inteligente  Hotel Aeropuerto Terminal 1,7542
Oasis Airport,4178
NH Mexico City Airport T2,1843
Casa Azul,7781
City Express,6597
Holiday Inn Express México Aeropuerto,10562
Hotel Aeropuerto,3684
We Hotel Aeropuerto,16517
Hotel Corporacin Carreón-Ferrer,4784
NH Mexico City Airport T2,11104
Oasis Airport,14024
Camino Real Aeropuerto,16431
Hotel San Alfonso,17026
Hotel Corporacin Otero-Barrientos,9683
Camino Real Aeropuerto,3986
Marriott Courtyard,18829
izZzleep  Hospedaje inteligente  Hotel Aeropuerto Terminal 1,13698
Hotel Morales y Saiz A.C.,7058
We Hotel Aeropuerto,13157
Hotel Aeropuerto,13499
Oasis Airport,13104
NH Mexico City Airport T2,7113
City Express,15607
Casa Azul,2462
City Express,9627
Hotel San Alfonso,15409
Hotel Aeropuerto,16239
Hotel Seoul,9631
We Hotel Aeropuerto,8413
Hotel Montez-Raya S.C.,9800
Continental,19489
Camino Real Aeropuerto,3019
Hotel Regina,5952
Hotel Único SA de CV,4168
City Express,3808
Holiday Inn Express México Aeropuerto,12265
Hotel Aeropuerto,18742
We Hotel Aeropuerto,14565
Hotel Almonte y Holguín S. R.L. de C.V.,8455
NH Mexico City Airport T2,19140
Oasis Airport,2998
Camino Real Aeropuerto,13684
Hotel San Alfonso,18123
Hotel Bernal y Centeno S.A. de C.V.,14717
Hotel San Alfonso,18547
Hotel Seoul,16559
Continental,19766
Hotel Templo Mayor,8721
Hotel Moneda,16606
Casa San Ildefonso,10792
Hotel Regina,3587
Hotel Patria,13936
Zocalo Rooms,2137
Hotel Único SA de CV,17452
Hotel Seoul,19717
Continental,17935
Hotel San Alfonso,19726
Hotel Templo Mayor,5831
Casa San Ildefonso,4941
Hotel Moneda,15714
Hotel Catedral,6664
Hotel Azores,6477
Zocalo Rooms,7943
Hotel Patria,7315
Hotel Único SA de CV,5134
Hotel Regina,2398
Hotel Patria,14873
Continental,3567
Hotel Castropol,15266
Hotel Roble,7616
Hotel Flamencos,5845
Roble,9450
Zocalo Rooms,11477
Hotel Moneda,3195
Hotel Regina,3851
Hotel Único SA de CV,13717
Hotel Patria,19230
Hotel Castropol,14020
Continental,19089
Hotel Roble,11686
Hotel Flamencos,10050
Roble,18029
Zocalo Rooms,16012
Hotel Moneda,1405
Santa Cruz,18123
Hampton Inn by Hilton,14749
Los Arcos,4687
Victoria Express Durango,14580
Hotel Best Western Plaza Vizcaya,5903
best western,5856
One,19566
Fiesta Inn Durango,4283
City Express,4461
Hotel Monumental Express,19438
Casa Inn,4309
Cityexpress Parque Celaya,10374
Hotel Laboy S.A.,18551
Hotel Proyectos Molina y Roldán,12267
Hotel Memoria,14464
hotel Memoria,9655
Hotel Escobar y Asociados,13551
Hotel Puente S.C.,16911
Hilton Garden Inn,19744
"Hotel Caldera, Méndez y Cotto",16500
Hotel Hacienda San Cristóbal,2227
Hotel Condesa,6642
Hotel Rex,10024
Hotel Capri,14204
Othelo,5713
Hotsson,14163
Hotel Emily Leon,2270
Hotel Terranova,13969
Holiday Inn,11862
Australia suites ejecutivas,8784
Quinta Rivera,2615
Real Jade,16571
Autohotel San Antonio,9800
Sahara,13204
"Hotel Cabrera, Benavides y Tirado",1662
Hotel Gamma Pachuca,12071
Auto Hotel Abmar,10930
Camino Real,11189
Casa Basalto,10186
Hotel Fiesta Inn Pachuca,17109
Hotel Pachuca Inn,4218
Hotel Misión Pachuca,8469
Hotel Fiesta Inn Pachuca,5403
Hotel Pachuca Inn,10846
Hotel Misión Pachuca,15519
Hotel Gamma Pachuca,11514
Camino Real,9828
Best Western Plus Santa Cecilia,14656
Hotel  Suites Set Inn,3925
Hotel La Joya,7158
Casa Basalto,15474
Esduma HK Hotel Pachuca,7926
Hotel Puerta de la Costa,14342
Hotel Autlán,16874
Hotel Puerta de la Costa,17924
Hotel Autlán,13252
Los Caracoles,2841
HOTEL LAS BRISAS DE MELAQUE,17884
HOTEL LAS BRISAS DE MELAQUE SA DE CV,6209
Hotel Cazares-Alfaro,3150
Las Gaviotas,11194
Hotel  Temnazcal Hacienda de Melaque,17606
Sueño del Sol,14218
Bungalows Laguna del Tule,5444
Hotel Alondra,18179
Hotel Cabo Blanco,19634
Los Caracoles,1948
HOTEL LAS BRISAS DE MELAQUE,6693
HOTEL LAS BRISAS DE MELAQUE SA DE CV,7316
Hotel Alfaro-Rendón S.A. de C.V.,7577
Las Gaviotas,2888
Hotel  Temnazcal Hacienda de Melaque,9175
Sueño del Sol,2083
Bungalows Laguna del Tule,15956
Hotel Alondra,2656
Hotel Cabo Blanco,12808
Los Caracoles,7524
HOTEL LAS BRISAS DE MELAQUE,9977
HOTEL LAS BRISAS DE MELAQUE SA DE CV,13070
"Hotel Girón, Pelayo y Piña",16211
Las Gaviotas,17551
Hotel  Temnazcal Hacienda de Melaque,14007
Sueño del Sol,5059
Bungalows Laguna del Tule,2001
Hotel Alondra,8927
Hotel Cabo Blanco,13204
Los Caracoles,17016
HOTEL LAS BRISAS DE MELAQUE,15617
HOTEL LAS BRISAS DE MELAQUE SA DE CV,6819
Hotel Proyectos Alvarez y Montaño,16551
Las Gaviotas,19066
Hotel  Temnazcal Hacienda de Melaque,12460
Sueño del Sol,12280
Bungalows Laguna del Tule,6358
Hotel Alondra,9475
Hotel Cabo Blanco,3961
"Hotel Corporacin Espinoza, Soliz y Carrillo",10341
Hotel Fuerte Real,1899
Hotel Grupo Cortés-Quintanilla,13666
Hotel Fuerte Real,2626
"Hotel Cervantes, Orellana y Arenas",6338
Hotel Fuerte Real,19751
Hotel Fuerte Real,8022
Hotel Cisneros-Sanches A.C.,8253
Hotel Cuatro Caminos,8376
Hotel Portonovo Plaza Centro,7774
Hotel Rosales S.C.,9817
Hotel Santiago de Compostela,14418
Hotel Serrano y Mesa S. R.L. de C.V.,17819
Holiday Inn  Suites,1657
ONE Hotel,1291
Hotel Cervantes,16535
Hotel Madrid,5335
Hotel Mexicaltzingo,6675
Hotel Union Guadalajara Jalisco México,1277
Portobelo,8332
Hotel del Parque,9270
Del carmen,11009
Hotel Ulibarri y Camacho S.A.,10023
Six Hotel,14887
Hotel Industrias Arreola-Aragón,13336
Holiday Inn  Suites,12426
Hotel Cervantes,16040
ONE Hotel,9257
Hotel Rotonda,8150
Hotel Fiesta Americana,16292
Hotel Las Pergolas,10900
Hotel Laffayette,18060
Hotel Plaza Diana,14013
Krystal Urban Guadalajara,4352
Central Park,1240
Posada Hidalgo Inn,17761
Hotel de Autor Baruk,13262
Hotel Fuente del Bosque,19397
Hotel Becquer,10262
Holiday Inn  Suites,10780
ONE Hotel,4542
Hotel Portonovo Plaza Centro,16785
Hotel Ramos-Galindo S.A. de C.V.,3091
Hotel Santiago de Compostela,12019
Hotel Paz y Razo e Hijos,10059
Hotel Rotonda,11654
Hotel Madrid,10072
Hotel Mexicaltzingo,9557
Hotel Cervantes,10790
Krystal Urban Guadalajara,7172
Hotel Plaza Diana,5912
Hotel Mexicaltzingo,17950
Hotel Las Pergolas,8874
Hotel Laffayette,2860
Hotel Portonovo Plaza Centro,14241
Hotel Santiago de Compostela,11472
HOTEL Sta Maria,5585
Hotel Trinidad,1834
Hotel Cervantes,17297
Hotel Arellano-Montes,10686
Hotel Portonovo Plaza Centro,9500
Hotel Quintana-Urbina,14715
Holiday Inn  Suites,14257
Hotel Rotonda,13722
ONE Hotel,2157
Hotel Madrid,19744
Hotel Santiago de Compostela,7223
Hotel San Juan,12244
Hotel Union Guadalajara Jalisco México,8286
Posada Hidalgo Inn,18518
Hotel Las Pergolas,16588
Krystal Urban Guadalajara,12747
Hotel Laffayette,17623
Hotel del Parque,10836
Central Park,6570
Hotel Plaza Diana,19292
Six Hotel,6935
Hotel Fiesta Americana,10626
Hotel Isabel,4198
Portobelo,16426
Hotel del Parque,5192
Del carmen,9475
Hotel Club Rodríguez-Arroyo,19318
Six Hotel,6998
Hotel Salgado-Calderón,11998
Holiday Inn  Suites,3926
Hotel Cervantes,8282
ONE Hotel,12641
Hotel Rotonda,8318
Hotel Fuente del Bosque,11062
Hotel Plaza Diana,14778
Hotel Laffayette,11856
Hotel Riu Plaza Guadalajara,13179
Krystal Urban Guadalajara,9538
Hotel Riu Guadalajara,10635
Hotel Fiesta Americana,16196
Hotel Isabel,4859
Hotel Victoria Ejecutivo,16418
Hotel Las Pergolas,2758
La Villa del Eñsuenoo,3333
Hotel San Juan,16473
Hotel Monaco,7374
Monaco,17399
Casa del Retoño BB,4926
Hotel Emperador,13506
"Hotel Sepúlveda, Rodarte y Varela",18361
Hotel Madrid,10776
Hotel San Jose,14536
Hotel Union Guadalajara Jalisco México,2771
Hotel Rotonda,5940
ONE Hotel,5501
Portobelo,7563
Holiday Inn  Suites,12228
Hotel Baca y Parra A.C.,14408
Del carmen,19658
Hotel Garza-Collado,15993
Hotel del Parque,5693
Six Hotel,11367
Posada Hidalgo Inn,6909
Hotel Platino Expo,3648
City Express Plus Guadalajara Expo,16977
Holiday Inn Express Expo,11899
Hotel Celta,6794
Fiesta Inn Guadalajara Expo,11269
Guadalajara Plaza Expo,2900
Fiesta Inn Guadalajara,1154
ibis Guadalajara Expo,15812
Presidente InterContinental,9962
Guadalajara Plaza Ejecutivo López Mateos,7861
Hotel Santiago de Compostela,6524
Hotel Portonovo Plaza Centro,19883
Hotel Soto-Carmona,6191
Hotel Cervantes,17042
Holiday Inn  Suites,3884
ONE Hotel,5240
"Hotel Club Quiñones, Montañez y Preciado",15211
Hotel Mexicaltzingo,15070
Del carmen,14218
Hotel Rotonda,15058
Portobelo,16643
Del carmen,13560
Six Hotel,1152
Hotel Cervantes,2236
Hotel del Parque,18490
Hotel Mexicaltzingo,7534
Misión Carlton,13225
ONE Hotel,1461
Hotel Santiago de Compostela,11558
Hotel Isabel,18400
