nombre,telefono,email
Alberto Laureano Guevara,218.196.0013,nataliazarate@example.org
Dr. Violeta Trejo,(379)402-6542x351,olivaresbeatriz@example.com
Salma Gabino Armas Rico,(161)849-5931x0341,benitoolivares@example.com
Teresa Nava,(553)419-2832,rojeda@example.net
Dr. Irma Badillo,056.413.9537,jreynoso@example.com
Fernando Ramiro Tijerina,969-653-2871,carmonacristian@example.net
Luisa Rubén Barela,697-848-0184x514,dcotto@example.org
Mónica Diego Sarabia Caraballo,489-325-2880x95701,homero30@example.org
Sr(a). Arturo Ruelas,08227824896,paolafernandez@example.net
Leonor Yuridia Niño Quezada,713-315-0983x9301,gironangel@example.org
Angélica Noelia Granados Leiva,(738)299-7376x31165,dpartida@example.net
Ivonne Cardona,338.726.2473,quinteropaulina@example.org
Uriel Toledo Alejandro,03267736026,orellanagabino@example.com
Luisa Pilar Ruiz Correa,1-430-980-5009,hsandoval@example.org
Nancy Blanco Escamilla,09136193990,pereavictor@example.net
Evelio Gabino Ortiz Ceja,(475)107-9911x83842,angela35@example.com
Marcela Pamela Madrid,808.412.4118x2449,jacobofigueroa@example.net
Natalia Minerva Heredia Ávalos,06400524278,avalentin@example.org
Conchita Trejo Aranda,982.620.4505,felixcandelaria@example.com
Lic. Silvano Correa,226.025.6342,olivasalfonso@example.com
Elvira María Luisa Montez,(330)365-4145,vteran@example.org
Francisca Domínguez Vera,019-655-6981,mvelazquez@example.com
Marco Antonio Abreu Solís,(356)159-5148x4656,perla23@example.com
Zoé Delgado,946.804.4369x9577,ggallardo@example.com
Victoria Arturo Limón,951-343-3200x3791,opedroza@example.net
Juan Carlos Miguel Ángel Pabón,201.632.8708,carlosreyes@example.org
Yeni Tamez,(957)986-8727x7434,rgriego@example.com
Gonzalo Gollum Jurado,1-581-223-6231,vpantoja@example.net
Linda Bañuelos,1-669-096-7054,iperea@example.net
Ing. Estefanía Saavedra,467.065.6272,ortarosalia@example.net
Armando Porras Cervántez,1-204-653-7556x464,rodrigezaida@example.net
Sr(a). Jerónimo Garrido,100-330-9232x71937,jose-carlos29@example.net
Dalia Márquez Cardenas,1-049-663-1931x4919,montenegrooscar@example.com
Ángela Natividad Mondragón Alcala,(716)572-6284x987,upulido@example.net
Irene Felipe Briseño Leiva,1-379-965-0752x735,jacinto49@example.net
Pilar Adalberto Sierra Espino,03678377701,estela63@example.com
Mtro. Mario Uribe,568-557-4443x1351,elisagalvez@example.net
Gerónimo Villalpando,941-343-5240x8240,uribeguillermo@example.net
Teodoro Mitzy Candelaria,+94(7)7752047116,kbenavides@example.net
Cornelio Córdova Valladares,(131)869-9938,craya@example.com
Lic. Hilda Varela,091.334.1232x8120,sraya@example.net
Guillermo Apodaca,447.134.9361,vicentecordova@example.com
Angélica Ana María de Jesús,(994)717-4648,fquezada@example.net
Magdalena Medrano Zayas,013-990-4902,psolano@example.com
Dolores Rocío Pulido Salazar,07565512567,wilfrido68@example.org
Augusto Mascareñas,516-808-7603,silvia77@example.org
Gabriela Paulina Ceja,(771)093-2480,ocaban@example.org
Caridad Corrales,484.677.3782x639,angelaleal@example.com
Natividad Gabriela Acevedo Leyva,499.727.8755x88675,eveliovazquez@example.com
Mario Juana Olvera Coronado,028.951.7187x026,antoniorodarte@example.com
Sofía Leonel Blanco Méndez,(865)780-9134x31611,sde-la-cruz@example.com
Amalia Meléndez Badillo,(556)238-6922,arceliaolivas@example.net
María Teresa Teodoro Hernández,1-407-482-1759x464,mmadrid@example.com
Bernabé Granado,959-440-6409x097,estela95@example.org
Silvano Fidel Chapa,104-709-5214x56232,olga84@example.org
Mauricio Gustavo Mireles Carrero,1-123-685-1604x817,zacarias49@example.com
Bianca Zeferino González Rodríguez,+98(5)9317461200,miguel11@example.org
Dr. Julia Rendón,869.261.7964,nevarezesteban@example.com
Eugenio Naranjo,05850643171,tomaszambrano@example.org
Isabela Guerrero Castillo,1-318-393-3529x0422,delia10@example.org
Jorge Granados Villalobos,1-024-026-8117,gnajera@example.net
Sessa Alvaro Soliz,(700)766-1771,medinasandra@example.org
Carmen Laureano Vigil,(569)847-8961x1836,agil@example.com
Leonor Pelayo,156.545.2711x11615,pilarbalderas@example.net
Ing. Isaac Casillas,(560)494-5198x327,biancamontez@example.net
Luis Miguel Ramiro Valdés,+94(0)2445502296,colladotania@example.org
Olga Galván Ocampo,(752)545-9910x229,bonillageorgina@example.com
Mercedes Zepeda,1-643-815-6149x784,garayleonardo@example.net
Abraham Flores Madera,1-244-510-7622,ttejada@example.org
Ing. Yolanda Moreno,06060715969,sperales@example.org
Alejandra Meléndez,(975)161-3696,ortizhoracio@example.net
Estela Isabela de la Garza Bermúdez,188-355-2312x4329,vanesabenitez@example.org
Marisol Valle,1-799-552-7177x4490,natividad14@example.com
Alfonso Báez,411.998.6798,rasconreina@example.net
Dr. Anel Raya,05182037788,josenieves@example.com
Lucas Mireles,(905)151-8644x92519,jeronimomarin@example.net
Catalina Yáñez,1-148-652-8168x50542,jacintoruelas@example.org
Citlali Cristal Bernal,(188)805-9296,daliaduran@example.net
Dr. Marcela Armas,(537)947-3834x735,xriojas@example.com
Nadia Suárez,(239)240-7581x814,cruzgeorgina@example.com
Dr. Marco Antonio Bustos,750.606.8536,noriegaesparta@example.org
Citlali Alfonso Llamas,277.901.0432x898,xcarranza@example.com
Hermelinda Carlos Arreola,697.117.9808,claudiolovato@example.com
Sessa Morales Guajardo,1-621-851-8888x8067,ontiverosjose-luis@example.com
Jonás Barreto Montaño,195.205.8527,zecheverria@example.org
María José Arce Lozada,1-030-548-6874,espinogonzalo@example.com
Vanesa Meraz Laboy,05667652775,armando61@example.com
Dr. Patricio Lozada,1-115-447-9627,marisela05@example.net
Gerardo Báez,06582029702,graciaveronica@example.com
Juan Carlos Raquel Apodaca Zedillo,755-719-2856,violeta43@example.org
Eduardo Sanabria Sisneros,814-473-9473x121,tde-leon@example.com
Indira Montenegro Barragán,(844)225-8313x2370,perla95@example.com
Dr. Sara Briseño,04678669125,rasconmartha@example.net
Mtro. Carolina Ureña,922-680-1824x22535,arcelia43@example.net
Mtro. Carmen Madrigal,818.299.2299x5900,armentatomas@example.net
Uriel Enrique Vázquez Peña,078.447.3647x1027,droybal@example.org
Samuel Claudio Marroquín Matos,562.588.1537x14732,arteagagregorio@example.com
Lic. Felix Crespo,1-953-278-7747,bustamantelaura@example.net
Fabiola Galván,1-500-479-7480x1624,karina50@example.com
Rebeca Valenzuela Esquivel,841.687.8499,cazaresbeatriz@example.com
Ivonne Porfirio Navarrete Colón,1-986-800-0257,mcordova@example.net
Itzel Sara Matos,(694)958-8879,martin05@example.com
Lorena Vergara Manzanares,097.499.3097x28962,alonsovega@example.net
Elias Almaraz Quintana,1-626-368-9702,ramiromelendez@example.net
Olivia Ocampo,1-278-585-4973,germanvaldez@example.com
Ilse Rosado,844.198.6652,alma41@example.com
Vanesa Hidalgo,733.848.4219x93308,teodorogonzales@example.org
Liliana Menéndez Rodríquez,02082677345,veronica01@example.net
Dr. Oswaldo Archuleta,(620)672-4004,mezagloria@example.com
Elisa Bruno Menéndez Curiel,742.054.9329x66851,lcadena@example.org
Irene Guzmán,+46(3)7454990453,casanovamartha@example.com
Leticia Nadia Márquez,1-145-933-2727x95687,fernandoybarra@example.org
Lic. Óliver Nájera,09108839822,nicolas71@example.net
Rodolfo Minerva Bustos,707-286-7908x7406,abelardo39@example.org
Luisa Montañez Barela,(017)046-2265x6766,tiradocecilia@example.net
Caridad Diego Terrazas Orozco,230-047-8686x3375,geronimoesparza@example.net
Alonso Perea Alemán,311.907.9030,oquinones@example.net
Mtro. Eugenia Velásquez,1-995-342-8364,anel89@example.net
Socorro Luis Valadez,056.856.6246x287,espartacomacias@example.net
Marisol Ana Luisa Valenzuela,(688)263-4351x751,ameliajasso@example.com
Ing. Alfredo Beltrán,1-983-735-4033,roquefederico@example.net
Dr. Leonel Grijalva,(546)785-4458x7717,emilia55@example.com
Ramón García Concepción,+48(9)9642353693,purbina@example.net
Francisco Minerva Salas Rincón,(522)872-8080,arriagaabraham@example.com
Sonia Esther Barreto,1-203-875-0997x70088,balcala@example.net
Omar Gonzalo Alfaro Sandoval,1-621-182-3398x45461,leticia79@example.org
Helena Ariadna Aparicio,06668700217,kmeraz@example.org
Sr(a). Estela Galarza,1-974-014-8902x50392,tbermudez@example.org
Dr. Raquel Ordóñez,(856)218-5016x31599,bmena@example.net
María del Carmen Mitzy Gil Moya,(662)961-9431x1426,juliomateo@example.com
Aurora Adame Manzanares,1-541-212-6788x861,burgosjoaquin@example.net
Rubén Zamora Meléndez,046-618-3982x622,hermelinda47@example.org
Daniela Puga Leal,(471)543-7993x712,abraham65@example.net
Isaac Quiñónez,1-692-459-3752,smatos@example.net
René Guerra,1-646-519-3982,riojasenrique@example.com
Ángela Lucas Sanabria Chávez,434-266-1797x96886,murilloomar@example.net
Bianca Guzmán Mota,(909)656-1014,nayelisolano@example.net
Ing. Estela Ramírez,679.825.0714,hbriones@example.net
Jaqueline Hugo Montalvo,1-387-571-7751x401,montalvovicente@example.org
Federico Noemí Delgado,(258)673-6226x6093,bvillarreal@example.com
Ernesto Flórez Leiva,1-191-825-5371x47859,lorosco@example.org
Jesús María José de León Luevano,912.513.4125x2866,reneolivera@example.com
Micaela Teresa Terrazas,1-282-742-2579x05072,juan-carlosvalenzuela@example.net
Lucas Salazar,(772)190-3404x384,maria-josevalles@example.net
Paulina Segura,09148580783,vcanales@example.net
Héctor Alonso Rascón,517-133-9596,sergiochavez@example.org
Óscar Gilberto Zambrano Tijerina,(544)948-1260,vanesa22@example.org
Minerva Collado,1-466-711-6845x7759,cabanmaria-jose@example.net
Luis Miguel Eric Saldaña,545-892-9750,camachosocorro@example.com
Carlota Cotto Quintana,1-063-242-4154x152,ortizsocorro@example.com
Luis Miguel Vanesa Bustos,1-103-712-9387x00516,mateobatista@example.org
Augusto Canales,05542622189,de-andamarcos@example.com
Soledad Cornelio Patiño,731.121.9656x5234,guzmanperla@example.net
Ing. Nancy Esparza,640.376.1379x18055,juliavarela@example.com
Patricio Débora Rodríguez Beltrán,+91(0)4300684866,oborrego@example.net
Ing. Cristian Ledesma,04183285691,marco-antonio30@example.org
Manuel Carrillo Rendón,904.210.2027x5884,jose-emiliocastro@example.net
Caridad Alta  Gracia Meza Portillo,814-917-7850,kvalverde@example.com
Florencia Benjamín Vela,(138)000-3075x62208,ugarrido@example.org
Indira Juárez,09518023806,riveroguillermina@example.com
José Carlos Fernández Lovato,1-493-759-7383x2060,patriciamontemayor@example.net
Homero Cano,1-836-702-4103,dnieves@example.net
Roberto Cadena Santiago,619-906-2344,laura55@example.com
Eugenia Antonio Fierro Chacón,1-121-277-5618x5374,hjaimes@example.org
Esmeralda Menchaca Cordero,03568044206,vvaladez@example.net
Barbara María Teresa Canales,100-323-6519,antonio01@example.org
Carolina Caballero,1-107-029-6670,lpolanco@example.com
Eduardo Gerardo Lemus,1-209-993-4768x701,juan-carlos26@example.org
Dr. Sonia Tórrez,+65(7)8759856420,ruben30@example.com
Mariana Tamayo Muñiz,1-321-334-8039x6522,rosaliamatias@example.net
Rosa Alicia Mora Vanegas,1-293-784-2701x0393,sotomateo@example.org
Sessa Eloy Cedillo Molina,1-250-029-2185x15691,hermelinda52@example.org
Timoteo Ruiz,528-953-9264x42209,cvanegas@example.org
Mtro. Sara García,917-251-3552x15704,felixbarreto@example.com
Bianca Abel Arriaga Olvera,1-626-765-8617x932,zbenavides@example.org
Alejandra Indira Ibarra Cantú,05262181599,bangulo@example.net
Samuel Manuel Cortez,+15(3)3688444310,jvazquez@example.com
Ana Jorge Luis Acosta,(149)731-0324x171,leonel77@example.net
Juana José Eduardo Escobar Ramírez,+47(7)4349021158,ovillalpando@example.net
Lic. Omar Roldán,1-374-160-8989x9217,danielagalarza@example.org
Eloy Cordero,451.168.6854x8709,acarreon@example.org
Raquel Rolando Verduzco,01914856467,larchuleta@example.com
Claudio Padilla,+65(3)0745054447,gilcecilia@example.com
Salma Burgos,1-736-785-0821,natividad62@example.net
Sr(a). Débora Espinoza,1-030-705-3457,rcastaneda@example.org
Diana Rojo,1-855-241-4060x2933,zoefonseca@example.com
César Delgadillo,034.944.6657x4374,gviera@example.org
Mtro. Ramiro Villegas,441.715.4544x4328,ana-luisazapata@example.com
Gustavo Huerta,(660)993-5387x584,victorvaldez@example.org
Beatriz Mariana Cazares Holguín,825.135.3465x54947,rodrigezana@example.net
Sr(a). Juana Tamayo,(602)235-6972,dolores17@example.com
Humberto Tania Baeza,+74(3)2927129666,yromero@example.org
Oswaldo Feliciano Niño,+58(3)0033542168,daniela10@example.com
María Eugenia Nicolás Ybarra Soria,1-625-753-2603,cesargalarza@example.net
Rolando Santana de la O,05064890901,arriagacamilo@example.com
Juan Castañeda,(472)304-6184x9926,seguraserafin@example.org
Camila Bernabé Salinas Farías,348.356.4208x7375,abelardoalcantar@example.net
Blanca Vela Salcido,181-143-7447,camarillodelia@example.org
Jorge Luis Zoé Marroquín Polanco,110.022.5579x41552,pachecoleonor@example.com
Judith Mateo Pérez de la Crúz,02021697972,nmunoz@example.org
Maximiliano Micaela Carreón,(701)450-8993x588,prietovirginia@example.net
Porfirio Sara Ayala,+28(7)7217535408,paulinaochoa@example.com
Arcelia María Luisa Quiroz,1-717-751-7016x6088,bustossalma@example.net
Nancy Ramiro Fonseca Reyes,1-503-758-9975,gcarrera@example.net
Abelardo Jacinto Mota,488-510-2726x14933,orozcoesmeralda@example.com
Ivonne Bianca Pedroza,+91(7)7982708086,xsauceda@example.org
Dr. Carolina Cano,995-866-9346x547,citlalipaz@example.net
Mtro. Pascual Martínez,1-833-394-5228x85158,kverduzco@example.net
Zeferino Tejeda,(608)106-2003,cynthia44@example.org
Gustavo Figueroa Toro,+57(1)9838638406,ypena@example.net
Eloy Silvano Quintero Garza,598-933-4721x22816,porrasgerman@example.net
Catalina Cynthia Viera Herrera,+57(2)0259094798,antonia58@example.org
Nicolás Ángel Santiago,(688)615-3355,guadalupe39@example.net
Ramiro Aguirre,05739930561,ihidalgo@example.net
Alberto Noemí Noriega Serrano,770-435-8112x8801,yuridiagallardo@example.net
Bernardo Flórez,(612)075-0110x2481,francisco-javierpantoja@example.com
Julio Casanova Téllez,+91(9)0158144914,zolivarez@example.net
Mario Cortez Tejeda,268.424.5088,carlotaarguello@example.org
Ing. Laura Terrazas,(143)536-8222x3943,duranyuridia@example.net
Paulina Riojas Ulloa,04141397552,benitolinares@example.net
Eloisa Matías Ruelas,1-594-929-9556x205,estelapulido@example.com
Cecilia Isabel Rosado Ríos,1-547-812-9142x834,benitezaida@example.net
Roberto Véliz Palacios,1-308-488-7256x3942,gsanchez@example.org
José Sandoval,+39(2)8272299275,gaonamicaela@example.org
Gabino Negrón González,+38(5)6770051844,jose-manuelochoa@example.com
Sr(a). Noemí Heredia,386-557-7908x272,araceliserrano@example.net
Eric Conchita Escobar Cotto,913.651.7773,vicentepartida@example.org
Alvaro Carolina Vela,1-228-092-0242x8699,limonarturo@example.org
Samuel Rodríguez,236.929.2984x257,godinezjose-maria@example.com
Bianca Adriana Fierro,862-912-7990x8811,mcedillo@example.net
Violeta Prado Solorio,(508)637-6599x162,mateo31@example.com
Ing. Lucas Hinojosa,1-009-818-0635,gnajera@example.org
Uriel Vigil,486-959-4636,xduarte@example.net
Lic. Flavio Maldonado,1-562-137-2138x6589,cruzjulio@example.net
Aurora Colunga Rodríguez,611.435.1906x6984,del-riotimoteo@example.com
Adalberto Ferrer,(843)098-8392x05302,lealleonor@example.com
Leticia Villa,1-801-184-8955,espartaco93@example.com
René Acuña,268-181-8451,pablo94@example.net
José María Valladares,357.790.7141x633,liliana58@example.net
Frida Guzmán Loera,06518275539,dulce37@example.net
Eugenio Fabiola Jaimes,1-333-952-1117,toroalma@example.com
Silvano Ignacio Salcedo Velasco,728-463-9208,iromo@example.org
Mtro. Laura Delgado,1-187-500-3691x559,eduardo84@example.org
Mariana Sara Montalvo Navarrete,(763)655-6472,renegiron@example.org
Eugenio Pilar Preciado Olivárez,1-227-026-7288,micaela44@example.net
Sr(a). Leonel Camacho,1-203-471-7545x58845,patinocarlos@example.com
Dr. Reynaldo Velásquez,824-558-7716x94722,lucia99@example.com
Arcelia Cuellar Montalvo,554.496.4759,kpedraza@example.org
Carmen Gollum Heredia,132.611.1780x06811,serafin21@example.net
Horacio Girón,472.282.0055,irobles@example.com
Lic. Celia Tirado,(997)968-8457,augustoquintanilla@example.com
Liliana Francisca Cortés Madrigal,+08(2)5478077406,ruben30@example.net
Elena Lilia Valentín Quesada,326-634-1638x944,liliana31@example.org
Lic. Georgina Salazar,1-502-080-2144,marcelaaguilera@example.org
Cornelio Alejandro Salcido,1-564-757-0512,jaquezjulio-cesar@example.org
Lic. Dolores Espinosa,601-367-3037,solizwendolin@example.org
Julio Marrero,1-208-814-7435,gamezbruno@example.org
Irma Alejandro,(491)630-0979,jose-emilioburgos@example.org
Modesto Aurora Mireles,005-281-2735x85730,umuniz@example.org
Alfredo Mercedes Quezada Valdivia,(873)928-5574,angelatamez@example.org
Gustavo Irizarry,(570)862-0959x3518,hespinal@example.net
Pedro Corrales,456.511.8102x2031,gespinosa@example.org
Lic. Víctor Saiz,994-053-9103x7170,porfirio65@example.net
Sergio Jáquez Tafoya,+14(1)3811386338,rebecaduarte@example.net
Lic. Bernabé Velázquez,761.228.6852,umora@example.net
José Emilio Liliana Posada Mejía,398.368.4577x6004,sisneroscelia@example.com
Helena Garibay Gallegos,1-048-889-9210,jmoya@example.org
Josefina Rodolfo Haro Gonzales,419-693-1572,gvelazquez@example.net
Alfonso Reynaldo Olivárez Berríos,+55(6)6139060480,paola92@example.com
Dr. Cristian Arteaga,(679)981-3646x22517,ulibarrileonor@example.com
Leonor Sánchez Puente,1-227-837-6938x98331,luis-manuel59@example.org
Yuridia Pedraza Piña,535.590.4259,cconcepcion@example.org
Elvira José Luis Cortés,110.392.4051x47705,pablogalarza@example.org
Ing. Francisco Javier Ulibarri,920.698.0420x439,ana70@example.org
Guillermo Olvera Godoy,815-798-1238x780,gutierrezolga@example.com
Minerva Laura Cortez Almanza,554.384.0460,espartaco25@example.com
Asunción Juana Soliz,(936)392-6495x78232,citlalimares@example.net
Dr. Luis Manuel Colunga,925-188-1252x05664,jlara@example.org
César Escalante Alvarez,949.993.9330x5172,lnino@example.com
Mario Chapa,(330)604-6333,diazmarcela@example.net
Irma Reyna,660.965.6999,solizbianca@example.com
Alma Guillen,860-868-0347x6447,luisalozano@example.net
Noemí Collado Rivas,718-129-8266x57027,maria-elenabustamante@example.com
Violeta Dalia Castañeda Bustos,07518689268,xarmas@example.org
Raúl Victoria Cornejo Curiel,206-447-4212,abelardohernandes@example.org
Miriam Samaniego,(097)339-7767x1990,pascualledesma@example.net
Dr. Amador Escalante,050-209-9451,cardonalorena@example.org
Zacarías Gloria Yáñez,1-827-950-1455x6168,loyamariana@example.org
Gerardo Mendoza Soto,(833)901-9817x946,francisco-javier89@example.net
Catalina Sessa Valladares Salgado,772-934-3010x7139,cpedraza@example.com
Rafaél Teodoro Galindo Alba,344-144-8850x15569,del-rioeloisa@example.com
Zacarías Mauro Rojo Aranda,272-785-7608x49588,friasreynaldo@example.net
Joaquín Andrés Córdova León,+56(8)2996291450,liliana17@example.org
María Cristina Hermelinda Gálvez Sosa,(215)031-7807,eliasmolina@example.com
Mtro. Itzel Collazo,08230768104,villegasasuncion@example.com
Agustín Reynaldo Marrero Fuentes,1-334-485-7142,gerardocarrero@example.org
Ing. Noelia Canales,1-858-542-4932,marquezsara@example.com
Lic. Amador Cedillo,+70(1)6016629979,hugo53@example.net
Sr(a). Martha Vanegas,171-747-7332,jose62@example.net
Irma María Elena Saavedra Anguiano,07157724599,nancycandelaria@example.com
Irma Valadez Batista,(876)963-9382,eolivo@example.com
Rosa Luis Manuel Puga,1-583-219-7199x7581,tdel-valle@example.com
Rufino Cardona Ybarra,570-132-9022x784,cvelez@example.org
Ilse Helena Vargas,(465)190-9862x40580,valenciajorge@example.org
Alta  Gracia Eugenio Preciado Villanueva,566-668-3272x386,lorena24@example.net
Cecilia Adalberto Becerra,027-621-2679x69278,curias@example.com
Espartaco Eduardo Pineda Zedillo,+97(3)8468950097,bruno97@example.net
Claudia Soto Lemus,1-818-913-7189x490,oswaldo07@example.com
Lic. Renato Meraz,(544)209-4940x792,lovatosofia@example.org
Mercedes Armando Castro Santiago,04429444019,rosacorona@example.net
José Eduardo del Río,372-805-1292,xpaz@example.com
Virginia Marcos de la Fuente,1-950-410-2767,martin83@example.com
Mario Iglesias,860-476-5801,magdalena94@example.com
Gabriela Berta Herrera Viera,739-385-2580x010,hcalvillo@example.org
Jerónimo Gaona,443.009.1093x91119,jose-manuelvalles@example.org
Dulce María Hernandes Lozano,1-174-654-2140x665,holguingabino@example.org
Ángela Salazar,1-962-712-8639,quintanillafrancisco-javier@example.org
Antonia Batista Vázquez,470.720.0642x56908,bromo@example.com
Paola Gastélum Acosta,719-855-4601x585,ricogregorio@example.net
Diana Perla Arenas,346-157-1732x030,minervaordonez@example.org
Mtro. Modesto Tejeda,1-005-050-6138x782,angelicaarce@example.net
Minerva Úrsula Almaraz,903.202.0417x929,caraballocamila@example.com
Ing. Estefanía Barajas,1-656-519-8253,villasenordebora@example.com
Carla Lara Cisneros,(258)273-9021x962,ruizariadna@example.org
Diego Burgos Villaseñor,(672)324-8763,santiagoarchuleta@example.net
Jaqueline Lourdes Acuña Valdez,318.195.8837,geronimoaviles@example.org
Conchita Rojo Salinas,(200)543-6459,garmas@example.net
Pablo del Valle Cotto,+78(1)1379956353,melgaresperanza@example.org
Liliana Elvira Núñez,179.706.2397,julianino@example.org
Eloisa Muñoz,352-090-4217,kperalta@example.com
Gustavo Salma Cortez,929-831-6873x97740,pgurule@example.com
Ricardo Garibay,1-290-600-7806x8671,psaldivar@example.org
Sr(a). Lorenzo Gamez,543-107-4279,renteriamarisol@example.org
Dulce María Nevárez,701-658-0464x98931,anabel85@example.org
Juan Carlos Navarrete Rivero,055.281.8325x3817,espartacomayorga@example.com
Nadia Luisa Lebrón Ayala,05577881788,maria-cristina95@example.net
Elena Reyna Brito,06241124127,emiliasoliz@example.net
Guadalupe Peña Toro,756-704-3103,lilia95@example.net
Mercedes Rosalia Tamayo Ulibarri,1-749-242-4375x402,gloria72@example.net
Omar Gonzalo Echeverría,(223)105-9274,dulce-maria38@example.net
Wendolin Mateo Montañez,578-284-1067,maria-josemaya@example.org
Patricio Sarabia Meraz,474-929-7517x02814,padillaserafin@example.org
Jonás Caballero,1-093-983-4301,gbrito@example.com
Mitzy Ilse Zavala,805.626.5650x4554,fvalentin@example.org
Linda Quintero,(266)299-1234,vsosa@example.org
Lic. Augusto Aguayo,(462)879-2326x487,madridrocio@example.com
Rafaél Rivas,002.447.1462,bguevara@example.org
Miguel Ángel Zamudio Nájera,1-796-471-5890x4290,indirariojas@example.net
Jonás Dalia Avilés,565-044-8183,barbarazamudio@example.org
Mtro. Ignacio Madera,518-952-0284,mercedes65@example.org
Esteban Correa Santacruz,389.888.1671,cejaadriana@example.com
Hugo Jos Chávez Quintanilla,852.401.3223x4232,pizarrobruno@example.org
Maximiliano Prado Arias,1-108-907-1401,yeni01@example.org
Dr. Rodrigo Feliciano,(501)249-5528,nataliavargas@example.org
Ricardo Alcaraz Tafoya,1-342-801-3875,marcoscarbajal@example.org
Juan Luz Gallegos Serrano,615.171.8275,porfirio01@example.com
Camilo Olmos,(794)738-6463,rolonjose-carlos@example.org
Zeferino Salazar Cantú,781-126-6912x153,elvira96@example.org
Luz Modesto Leiva,1-994-657-9678x42711,minerva73@example.net
Alta  Gracia Berta Avilés,07026952499,bermudezvirginia@example.net
Martha Ferrer,(778)485-8800,ycasanova@example.com
José Manuél Margarita Rico Aranda,+28(4)2762467197,jrolon@example.org
Sr(a). Julio César Irizarry,969.545.0090x255,mondragonjuan@example.org
Jaime Munguía,(503)334-9114x152,tijerinairma@example.org
Víctor Pichardo,1-864-079-0569x6591,scamarillo@example.net
Iván Miriam Sandoval,(529)456-3718x34404,ngastelum@example.net
Ricardo Cadena Villarreal,1-419-876-3514,magdalena85@example.org
Karla Heredia,878.208.2973x7489,uvalles@example.net
Octavio Fernández Nava,1-232-466-5136x442,ruby36@example.org
Conchita Espinosa Amaya,477.866.0324,aliciaholguin@example.com
Dr. Trinidad Arias,700.159.4165x16231,soloriowendolin@example.net
Humberto Mendoza Viera,636.321.2347x64907,bruno58@example.com
Jos Martín Nazario,(090)034-8645,tellezeva@example.com
Abril Orozco,413-432-7560,ariadna77@example.net
Isabela Pichardo,02481569857,avilatomas@example.net
Karla Feliciano Magaña,1-911-238-2965,vromo@example.org
Débora Rosalia Menchaca Lerma,1-165-266-9300,augustorios@example.org
Darío Amador Pacheco Portillo,421.529.1086x7713,eliasjaquez@example.com
Juana Cedillo,(393)436-2620x443,xguzman@example.net
Arturo Alarcón,256.366.9411x800,eugenio75@example.net
Sr(a). Abigail Hernandes,964-652-8092x4287,mayte21@example.com
Lic. Claudia Hurtado,05027456449,noemi56@example.org
Mitzy Cornelio Valadez Quiñónez,+32(0)3207427617,quintanillajonas@example.net
Lic. María José Salcedo,02151342284,rodolfoacuna@example.net
Dr. Lorena Bermúdez,715.041.6591,cristian01@example.com
María Elena Jiménez,050.975.9230x4501,zcaballero@example.com
Evelio Leonor Burgos,+32(6)6421476492,wendolin15@example.net
Gabriel Valladares,616.592.6610x8573,miguel-angelsoto@example.net
Sr(a). Gregorio Rocha,(174)224-3864x908,armentanelly@example.org
Lic. Liliana Cabrera,1-945-491-8017x226,botellolorena@example.net
Humberto Rodrigo Rentería Rascón,452.321.9416x8006,alcantardavid@example.net
María Luisa Palacios,(974)995-6412x20310,aldonzafuentes@example.com
Violeta Fabiola Pulido,831-472-7601x22777,rasconrocio@example.org
Guadalupe Rebeca Orosco,+50(1)6679984076,lserna@example.net
Lic. Esther Ballesteros,069-581-4671x7957,kalonso@example.com
Mariano Jaime Quezada,839.597.2466,mariana29@example.org
Asunción Yeni Rosas Ceballos,(329)716-7433,almanzajorge@example.com
Zoé Cristobal Delgado Santacruz,+15(6)1931837455,valdesgabriela@example.org
Ing. Yolanda Cano,1-077-119-9180x81213,cristina47@example.net
Berta Corrales,552-137-6037x54821,jose-emilio65@example.net
Cornelio Olga Pérez,266.678.5072,sierraangela@example.org
Ignacio Karla de Anda Puente,+60(2)9084668455,lemusoliver@example.net
Karina Marisela Flórez,(997)563-4108x5628,ernesto18@example.net
Nicolás Jacinto Crespo Altamirano,+89(4)3468105485,arreolauriel@example.org
Héctor Vega,075.399.8935x44926,bernardomenchaca@example.net
Dr. Jorge Luis Rentería,02661106273,xbernal@example.net
Lic. Rolando Valdivia,649-767-7622x8277,nellytafoya@example.org
María Eugenia Mario Apodaca,285.196.1159x40821,hilda54@example.com
Alicia Collazo,960-443-2701,angel06@example.com
Mtro. Raúl Regalado,1-679-228-7772,augusto99@example.com
Eugenia Ortega,1-807-412-0948,valdiviaarturo@example.org
Ing. Reynaldo Avilés,1-837-801-8204x3397,tejedasamuel@example.com
Rolando Armenta,056.260.8564x111,gonzalocolon@example.org
Augusto Cristian Maldonado Pantoja,(209)520-0461x52654,dcasarez@example.org
Rubén Rodrigo Granado,886.140.5786x170,bgonzalez@example.com
Ing. Zeferino Campos,824.967.1832,paola23@example.net
Pilar Razo,+07(9)4200749465,rociosegovia@example.com
Cynthia Tejeda Valladares,04161284639,jacobo47@example.com
Wilfrido Inés Mondragón,1-795-020-9700,lilianavaladez@example.net
Laura Tijerina,01807156956,abrilcastellanos@example.com
Elisa María Aguirre García,045.319.4337x50479,abrahamestevez@example.net
Lic. David Urías,1-999-219-2124,octaviolara@example.org
Óscar Hernádez Valencia,1-060-566-4187x758,garridoamanda@example.com
Óscar Rangel,1-063-519-0361,elsade-anda@example.com
Andrea Socorro Calderón Amaya,609.543.1735x058,antoniazapata@example.net
Barbara Ramón,1-110-065-1207x0496,canaleszoe@example.org
Sr(a). Guadalupe Olivárez,196-399-0767x699,mojicauriel@example.net
María Elena Sierra Méndez,1-311-091-9392x8456,lrael@example.org
Alvaro Ana María Cavazos,(968)549-8227,salvador54@example.com
Norma Villa Colunga,+38(8)0653331537,szapata@example.com
Ing. Israel Luna,(521)707-3033x793,mauriciomeraz@example.net
Emiliano Pabón,(050)150-8124,oesquivel@example.net
Alvaro Alta  Gracia Farías Fajardo,(234)258-3230,fridacampos@example.org
Juan Vanesa Carranza,1-347-355-2896,casanovaclaudio@example.org
Elisa Óscar Ochoa,1-559-630-9938x42530,carmen89@example.com
Ariadna Mariano Barragán,(868)578-7255,esaldana@example.com
Lic. Teodoro Vergara,033-373-6346x69254,cervantesarturo@example.com
Norma Mora,907.895.6776,znazario@example.com
Georgina Juana Alvarado Duarte,1-341-514-8881x431,becerrajorge-luis@example.org
Dr. Isabela Estrada,(544)439-2840x44566,rodriquezursula@example.net
Leonel Esperanza Gaytán,373.898.7751x53663,jrascon@example.org
Clara Reynaldo Cazares Magaña,075.536.6684x59090,cristianmenendez@example.net
Ing. Renato Ornelas,361-863-7159x741,bernardouribe@example.org
Salvador Sáenz Amador,(316)433-4817,negretenorma@example.org
Itzel Lilia Ornelas,(128)671-6323,magdalena72@example.net
Mtro. Rodrigo Fierro,743-027-1693x8597,krios@example.org
Graciela Reyes Montenegro,1-469-263-2967x62916,grijalvacristina@example.com
Mtro. Yeni Barrera,1-376-815-1185x67243,riosaldonza@example.org
Juana Montalvo,636.004.1257x77118,marcelacintron@example.com
Cynthia David Almanza Zepeda,02418621042,lmuniz@example.org
Zeferino Tejada Gálvez,1-081-647-0900x633,evelio31@example.org
Alicia Alcaraz,1-313-122-0681,irene83@example.net
Patricia Leonardo Porras,03315520650,dgalindo@example.org
Víctor Leiva Negrete,+13(6)4971892419,susana62@example.com
Israel Almanza Vigil,1-683-890-3091x436,silvanobetancourt@example.org
José Luis Modesto Lucio,1-263-039-7524,trinidad08@example.com
Alberto Estela Meraz Monroy,380.339.6852,eaguayo@example.com
Elisa Ávila Cisneros,1-212-983-3816,kmarquez@example.net
Dr. Hernán Lira,1-734-715-6627x7689,ycortes@example.com
Helena Yáñez Terrazas,824-674-7468,vbecerra@example.org
Elsa Correa,1-008-576-6656,pmanzanares@example.net
Lucas Arellano Castellanos,923-645-8750x663,mateoaragon@example.com
Wendolin Cordero Ibarra,724.399.2011x6691,luisade-jesus@example.com
Hermelinda Mónica Tejada Olivas,1-461-195-2436x4027,calderonangela@example.net
Ofelia Peña,462-252-2372x81793,elvirabahena@example.net
Elisa Francisco Javier Paredes,1-912-141-6141x509,mateorubio@example.net
Abril Ballesteros Jáquez,+90(1)3806984775,xmiramontes@example.net
José María Báez,510.762.0918,felix57@example.net
Noelia Pedraza,(305)050-5739x76915,qrolon@example.net
Judith Lozada Zepeda,1-289-802-7148,cde-la-garza@example.org
Wilfrido Toledo,332.116.0256,estefania47@example.net
Wendolin Chacón Téllez,715-399-1566x86334,lopezasuncion@example.org
Camilo Renato Nazario,569-040-9836,xmaya@example.com
Nicolás Wilfrido Zarate,1-316-087-5243x7729,clemente09@example.com
Susana Galván,460.523.3027x642,ulibarrijulio-cesar@example.com
Angélica Suárez,443.861.2590x47292,srosas@example.org
Esteban Elsa Aguirre,912.662.0157,ameliacarvajal@example.net
Rosalia Manuel Córdova Páez,013.674.9261,rolivas@example.net
Armando Casas Sáenz,830-999-7419x26764,bertamelgar@example.org
Dr. Leticia Almonte,888-718-9813x129,abigailvaca@example.com
Carlos Alfredo Cazares Velasco,1-218-401-1845,luisaabrego@example.org
Amalia Norma Lozada Tejeda,1-297-585-9883x103,escobedoclaudia@example.com
Cecilia Salvador Urías,1-954-296-1844,zdavila@example.com
Florencia Pizarro Collazo,(314)359-8926x2566,zayasfernando@example.org
Carlota Óscar Carmona Ulibarri,(151)554-2340x163,ycantu@example.org
Olivia Hilda Villalobos,185.948.4910x256,jaimetapia@example.net
Lic. Mateo Villarreal,408-222-6940,felix96@example.net
Dulce Quiñones,784.468.3414,fmarroquin@example.net
Araceli Grijalva Cabán,(901)487-0682,gsalinas@example.net
Sr(a). Leticia Alcaraz,306.853.8909x7283,antonionavarro@example.org
Mtro. Amelia Pichardo,625.153.8144x744,abelardovarela@example.com
Hilda Trinidad Serrato,+79(7)0509754510,eduardo65@example.org
Luis Manuel Salazar Fajardo,08826170243,xortega@example.com
Luis Miguel Dulce Terán Jiménez,07722560531,gloriaarevalo@example.org
Lucía Meraz,+23(7)4167872568,hceja@example.org
Carmen Cortés Montañez,030-569-0674x4716,serafincorral@example.net
Dr. Felix León,04363718923,estelacasarez@example.org
Luis Aida Feliciano,00668433567,segovialuis@example.net
Hernán Carmona Jiménez,456.350.2000,eric47@example.com
Sr(a). Luis Manuel Escalante,755-411-0825,jos98@example.net
Lic. Asunción Caraballo,910-933-7118,hermelinda73@example.net
Alvaro Carolina Espinosa,(848)557-1617x688,de-la-cruzrufino@example.com
Gregorio Amalia Valles,+36(7)8812786866,emiliano20@example.org
Dr. Rosalia Aguirre,788-443-4481x2308,guillermoarenas@example.net
Germán Cecilia Jimínez,+33(8)1059551842,ulozano@example.org
Jonás Gaona Lemus,(408)916-4983,ugaray@example.com
Esther Puente,271.727.2239,pduenas@example.com
Horacio Curiel Díaz,931-216-3761x820,ocasiojuan-carlos@example.org
Adán Armas Centeno,142.900.1851,clararosado@example.net
Dalia Maldonado,1-723-084-8100,tovargustavo@example.org
Lic. Claudia Abreu,036.625.4361,hde-la-o@example.org
Guillermina Munguía Bermúdez,515.109.2268x5926,yenimadera@example.net
Jaqueline Bernardo Juárez Sanabria,(541)022-5267x71196,clemente15@example.org
Judith Jesús Matos,676.952.3668x788,itejada@example.org
Armando Vera,1-689-313-5030x58721,montesjorge-luis@example.org
María Luisa Claudio Ureña Pérez,330.212.6065,caraballowilfrido@example.net
Mateo Villegas Cotto,+25(2)1310962272,mariano65@example.com
Gonzalo Carranza Cortés,+09(2)8206678498,esperanza62@example.com
Octavio Ocasio Castillo,369.036.2891x77566,ananieto@example.net
Eloisa Jimínez,01159503428,barraganeric@example.net
Horacio Escobedo Ureña,1-034-199-0970,mascarenasaurelio@example.com
Jonás Leyva Otero,356-521-5681x8209,lromero@example.org
Cynthia Cornelio Rivas Berríos,133-228-8985x72545,tarenas@example.net
Evelio Frías,912.971.0248x1717,dario42@example.org
Reynaldo José Morales Burgos,02747472197,narvaezgonzalo@example.com
Silvano Ceballos,1-589-551-6874x090,ramiroaguilera@example.org
Gregorio Núñez Covarrubias,1-613-671-5778x7112,osoriomagdalena@example.org
Isaac Barragán,1-597-371-4708,marianoconcepcion@example.net
Indira Raquel Aparicio,605.673.0306x4421,angelalara@example.com
Héctor Razo Perea,342-016-5423x5677,marco-antoniomota@example.net
Lic. Adalberto Valentín,319.925.5027x2751,hirizarry@example.net
María del Carmen Castillo Rascón,910-336-8296x35339,nevarezjose@example.org
Liliana Partida,586.851.2765,perlayanez@example.org
Lic. Juana Linares,(649)111-1096x17981,lsantacruz@example.org
Lucía Eric Garica Rentería,(613)715-7660x5384,victoria44@example.com
Abigail Linda Apodaca,+02(5)8955296386,sergioorozco@example.org
Lic. Carolina Orellana,265.826.3128x19648,irenefigueroa@example.org
Soledad Villaseñor Corral,+98(1)9602752334,omarguillen@example.net
Francisca Ávalos,120-911-7911,guillerminaiglesias@example.org
Araceli Saldaña Nájera,1-617-061-7136,omartinez@example.com
Dolores Héctor Alarcón,(990)155-7998,covarrubiasoctavio@example.net
Carlos Elisa Zelaya Anguiano,(088)235-1305x2312,gerardo73@example.org
Pedro Uriel Lozano Robles,768.634.2346x19942,micaelaprieto@example.com
Rubén Jurado,1-919-663-9551,cde-la-fuente@example.net
Rodrigo Lucas Lozada Zayas,856-012-5625x31355,humbertocasillas@example.org
Adalberto Isaac Gallardo Rivero,1-538-164-9383x1849,velaveronica@example.com
Ilse Maya,1-307-704-6117,rubymena@example.net
Eva Velázquez,+40(9)0742608805,barriosmariano@example.org
Hermelinda Laureano,1-561-857-9064,psalcido@example.org
Serafín Benjamín Anaya Garrido,+02(1)5632135800,alvaro10@example.com
Lic. Genaro de la Rosa,971-252-9671,reynaldoromo@example.net
Gilberto Medina,731.441.5833x11703,galvezmayte@example.com
Micaela Bernardo Molina,1-988-547-2812,joseolmos@example.com
Ing. Eloy Pabón,1-146-249-1271,guajardoadriana@example.com
Gabriela Alicia Rolón,(875)418-1563x26868,ana74@example.com
Amador Olivas Pichardo,1-436-294-8978,rcardona@example.org
Alejandro Velásquez Jáquez,181.439.6661,gabrielsaldivar@example.org
Emilia Javier Loera,1-940-128-9743x25122,maria-eugenia20@example.net
Luis Miguel Mesa,+24(1)2095790737,armentaadriana@example.net
Concepción Barbara Camarillo,(577)584-7457,moraleshermelinda@example.net
Norma Wilfrido Ybarra Roybal,04802632570,reynaldoprado@example.com
Augusto Eloisa Ocasio,148-782-4556x96443,venegasnicolas@example.net
Sara Carlos Prieto Rentería,1-541-072-7284x9824,elomeli@example.com
María Elena Arevalo Gamboa,(910)740-6500,citlali54@example.net
Dr. Asunción Juárez,369-143-0753,zpichardo@example.org
Hermelinda Rubén Márquez Delgadillo,1-659-234-2683x4414,ltrejo@example.com
Beatriz Chavarría,758-575-6766x7080,wbueno@example.org
Mtro. Federico Vera,529-894-0626x0787,bravoanabel@example.com
Isabela Villegas Calderón,(975)019-8038,ramirosaldivar@example.org
Zeferino Timoteo Correa,(407)931-1029,solisbeatriz@example.org
Bernardo Mario Alvarado,760-146-7238x4979,preciadoclemente@example.net
Dulce María Collado Guajardo,(883)774-4197,yeni46@example.com
Marisol Peña Pizarro,047-196-0940,warias@example.org
María José Lebrón,+25(8)8358681225,maria-luisa24@example.net
Samuel Dueñas,1-884-259-9599x6100,esthercaldera@example.net
Modesto Rolón Mejía,312.661.0941,beltranmargarita@example.com
Sr(a). Delia Mayorga,07629833477,espartaco32@example.com
Dr. Asunción Verduzco,+13(0)2056981528,nespinal@example.net
Mónica Mora,982.176.6191,noemilugo@example.org
Modesto Godoy Ávalos,850.344.6512x4189,normasanches@example.com
Serafín Báez,(197)400-5643x5023,wilfrido03@example.com
Ramón Aranda Montemayor,06991872401,salgadonatividad@example.org
Luis Manuel Mateo Madrigal Gil,+00(3)8960870662,jponce@example.org
Marcela Carvajal Nazario,356.033.1903,kteran@example.org
Felix Báez Bermúdez,+27(2)4055934296,qcasillas@example.org
Fidel Tórrez Flórez,537.458.4384x588,ayalajavier@example.com
Lic. Gilberto Berríos,1-283-483-1520,marcosrendon@example.org
Genaro Ledesma Villalobos,410-496-7066x703,juanenriquez@example.net
Óscar Ávila,(408)509-5493x05966,cardonaperla@example.com
Oswaldo Marisol Pineda Vega,984.267.3204x41384,reina60@example.net
Jos Gabriel Henríquez Zúñiga,+14(9)5427707070,mauro83@example.com
Ricardo Bétancourt Lebrón,851.724.4472x3229,gonzalescamila@example.net
Dulce María Santillán Quiñónez,1-508-304-4058x0935,bernalnatividad@example.com
Nayeli Bernal Granado,1-595-616-4205,israel65@example.com
Silvia Alta  Gracia Cruz Negrete,+42(9)0193588953,cverduzco@example.net
Juana Violeta Berríos,03989868180,hsosa@example.com
Gabriel Eloisa Velásquez Lozada,535.375.1376,arcelia58@example.net
Jos Roybal Zedillo,763.928.3692,gonzalo55@example.org
Lucas Pérez Santiago,973-270-2164,icampos@example.org
Alberto de la Crúz,02886652683,caridad55@example.net
Ing. Bianca Armenta,05767647229,coronadoabraham@example.net
Mtro. Zeferino Rendón,572-894-1347x509,ulira@example.com
Diego Claudio Arguello Gaitán,(849)951-5421x447,kgarrido@example.com
Samuel Bernabé Gómez Leiva,138-820-9088,abrahamsaenz@example.org
Emilia Guillermina Vásquez Polanco,782.741.1767x41241,arcelia31@example.com
Natividad Israel Leal,1-815-061-8538x003,rodrigoocampo@example.org
Gabino Mariano Coronado,274.231.8306x178,diegoarellano@example.com
Sessa Juan Vergara Gollum,578-243-4776x95874,gaonabruno@example.com
Marisela Melgar,612.751.5627,azaragoza@example.net
Alicia Gregorio Jasso,360-854-5667x6640,mercedes35@example.net
Homero Ramos Parra,928.319.9529,alonsojuan@example.org
Jesús Perla Barajas Arroyo,358-328-6342x5563,adanaranda@example.org
Sr(a). Mónica Otero,024.403.3041x662,arturo11@example.net
Dr. Barbara Villalobos,394-568-0447x314,socampo@example.com
Estela Palomo Valentín,748-836-0765,regaladoesparta@example.net
Leonel Gómez Ramón,791.452.1182,minervavillasenor@example.org
Claudia Padrón Rojas,930-746-4520x5996,jassoenrique@example.net
Patricio Sanabria,1-357-788-1161,wcavazos@example.org
Nicolás Carlos de la Crúz,1-710-672-8728,aozuna@example.com
Manuel Lozano Juárez,595-922-4839x5894,nrios@example.com
Daniel Ofelia Rojo,+56(2)2710433187,barbara09@example.com
Dr. Ángel Montez,835-034-4694x59648,aracelivillarreal@example.org
Esmeralda Lemus Domínguez,912-896-5999,sergio73@example.org
Esther Gálvez Bustos,222.705.1028x7675,monica13@example.net
José María Olmos,1-754-858-1932x42687,rhenriquez@example.org
Lic. Uriel Montero,(057)563-9836,diego03@example.com
Olivia Eloisa Adame Villa,(515)480-9404,cotero@example.net
Gerardo Socorro Báez Vázquez,+79(7)7278105092,cesarborrego@example.com
Anabel Quiroz Bañuelos,1-184-390-5529,noemi06@example.com
Andrés Espinoza Sánchez,412-704-9386,teresaacosta@example.com
Ramiro Jerónimo Carvajal Mondragón,1-919-711-1212x590,adalbertogamboa@example.net
María Luisa Ariadna Gurule Manzanares,(324)064-2429x56334,dianalucero@example.com
Gabino Caballero,595.587.2096x289,manuelmontenegro@example.net
Emilio Jacobo Santacruz Ureña,418.343.7401x82727,jose-emilio96@example.net
Sr(a). Irene Cantú,502-675-5125x42782,quinonessergio@example.com
Ing. Manuel Ozuna,345.957.6403x816,kjimenez@example.com
Sr(a). Dalia Sepúlveda,(498)392-2501,claudia57@example.com
María Luisa Abel Cordero,1-244-123-3613,pilarnoriega@example.org
Cristobal Montañez,07863767316,ilsecepeda@example.com
Guillermina Zeferino Pineda Zambrano,815-790-3923x555,zamudioleonel@example.org
Citlali Modesto Escobedo,+34(6)1562624467,ibarralucia@example.org
Leonel Noemí Caraballo,1-151-602-5298x670,bpadilla@example.org
Luz Francisco Javier Carrillo Zayas,1-857-585-1268x612,mirandarosa@example.com
Noelia Sessa Rentería,(074)017-7509x546,zeferino40@example.net
Diego Guadalupe Munguía Perales,+75(4)0915086321,castroclemente@example.net
Luis Manuel Laureano,793.897.0155,contrerassandra@example.net
Juana Sepúlveda Berríos,1-466-024-1613,hernan98@example.net
Amador José Luis Vela,364.248.0962x440,bfranco@example.com
Mtro. Beatriz García,053.194.9796,patricia67@example.net
Jacobo Molina Maya,727.738.2646,vazquezarcelia@example.net
Ramiro Montaño,03854457702,sofiamora@example.net
Linda Altamirano,(873)682-6911,ngamez@example.org
Mtro. Diego Covarrubias,686.536.9455x15888,zgarza@example.com
Gonzalo Rascón,(264)085-7216,aperalta@example.org
Serafín Garrido Chavarría,981.996.0593x2971,agustin96@example.net
Dr. Cynthia Reyna,327.352.4103,prico@example.net
Lic. Fabiola Díaz,1-819-523-7100x687,ybatista@example.com
Pablo Carla Zepeda Tejeda,1-077-046-0568x76112,ricardo12@example.com
Víctor Mojica,373-415-1773,jacobo47@example.com
Francisco Javier Vanegas,902-284-0359,guillermo42@example.net
Martín Marcos Lozano Correa,229.464.3039x42904,nancy86@example.com
Dr. Jaime Cortés,1-858-567-2872x7601,espartaco43@example.org
Germán Sandra Casares,357-790-8335x06158,juarezperla@example.net
Sr(a). Anabel Ramón,1-833-423-3720x9484,espinalandrea@example.org
Ing. Mateo Rivera,08051371717,benitotorres@example.net
Rufino Micaela Macías,1-096-173-9970x4694,vdel-valle@example.net
Noelia Limón,448-354-8847x12705,ksaldivar@example.org
Magdalena Maestas Cabrera,1-582-313-3484x587,maciassantiago@example.org
Dr. Irene Cortez,1-622-925-8796,estela47@example.com
Clemente Hilda Merino Moreno,574.696.6060x65274,fierroemilio@example.net
Guadalupe José Luis Alva Medina,(658)833-9874x113,irmarosado@example.net
Lic. Amalia Orellana,1-734-996-0105x48574,rodriquezcecilia@example.net
Irma Pedraza Coronado,949-381-7359,porfirio84@example.net
Clara Barreto Martínez,732.573.7553,florencia90@example.org
Tomás Partida Ponce,708-085-0960x858,kleyva@example.com
Antonio Vallejo Caballero,(182)819-7931x6477,urielmenendez@example.org
Vicente René Mojica,1-860-694-0960x035,qcorona@example.org
Mtro. Óscar Reyna,395-923-2342x10890,paolamontero@example.org
Ignacio Estela Frías Ferrer,(264)335-0271,calvarez@example.net
Juan Amador Ramón,1-633-691-1289x812,carlasaenz@example.net
Mtro. Ilse Pelayo,1-318-574-8170,olivareslucia@example.com
Joaquín Muro Marín,06431670450,felixdiaz@example.net
Clara Mariano Arellano,+93(4)5962622822,blanca20@example.com
Hilda Karina Niño,950-050-7026,tiradojose-maria@example.net
Dr. Cristina Camarillo,+53(1)6117768729,marquezmartin@example.com
Carolina Irene Tirado Navarrete,177.932.3822x3116,sessa13@example.org
Dulce María Victoria Madera Méndez,1-798-894-2565x29060,dulcealcaraz@example.org
Eva Cuellar Osorio,1-097-753-9673,iirizarry@example.com
Iván Eduardo Herrera Mondragón,871.584.1560x821,maria-josecarranza@example.org
Mtro. Carmen Montenegro,(768)182-6832,adrianafarias@example.net
Olivia Ruby Coronado Valladares,808-583-8252x1293,paolapineda@example.org
Amador Karla Lucio Orellana,677-524-0148x4399,bahenalilia@example.org
Mauricio Cynthia Guerra,266-933-5134x261,emilianoquiroz@example.org
Itzel Adalberto Carvajal Soliz,(819)737-4189,ecorrales@example.net
Bruno Socorro Robledo Polanco,1-274-381-1995x3766,cantugilberto@example.net
Fidel Timoteo Sauceda Méndez,(451)017-3973x964,saavedraramiro@example.net
Lic. Samuel Solano,(609)191-9113x59966,montenegrovicente@example.com
Soledad Preciado,(039)205-1460x74555,geronimoramirez@example.org
María José Teresa Irizarry Cruz,1-885-652-7155,ilsemalave@example.org
Lic. Timoteo Escamilla,347-557-5225x013,natividad84@example.net
Dr. Leonel Benítez,1-119-642-5856,judithcano@example.net
Sessa Rebeca Borrego Mejía,703.824.0733,espartacoquinonez@example.net
Clemente Adán Lucio,097.768.8936,normavera@example.com
Lic. Francisca Narváez,655-358-5125,pabloveliz@example.org
Natividad Rolón Tello,1-193-583-7490,fquezada@example.net
Andrés de la Torre,+87(8)0572151494,zamoramitzy@example.com
Pablo Zeferino Maestas Menéndez,986.289.5090,rodrigo11@example.net
Olga Pedraza Cuellar,339.220.7151x16966,irojo@example.com
Beatriz Hugo Mota,(647)124-6335,mojicamaria-cristina@example.org
Mtro. Alejandra Zelaya,+80(5)1208005640,angela23@example.net
Lic. Dulce Tello,1-512-959-2728,mariaangulo@example.net
Hugo Lovato Cardenas,298.217.3929,maria-elena86@example.com
Yolanda Urrutia Barraza,1-352-373-6050,gvillareal@example.net
Ing. Óscar Solorio,834-527-3466x661,falva@example.org
Ramiro Maximiliano Ordóñez Malave,408.031.4998x250,arreolahernan@example.com
Jesús Pablo Ávila,(688)285-0317x23513,kfonseca@example.net
Sr(a). Amalia Olivárez,1-140-352-6356,cortesclaudia@example.net
Silvia Yolanda Holguín,(943)460-6664x374,ortegaalma@example.net
Carolina Garica,01127128524,ilinares@example.com
Leonardo Ferrer Briseño,(732)807-7113x0621,guardadomarco-antonio@example.net
Marcela Claudio Quintanilla Zambrano,+83(3)5090254257,trinidadbadillo@example.com
Cristian Lovato,132-357-0713x9848,claudiotrujillo@example.com
Bruno Barragán Parra,809-255-0213x0609,ontiverosraquel@example.org
Soledad Alejandro Valle,(107)964-9673x7945,jroque@example.com
Mtro. Esparta Colón,(264)250-6420,tpartida@example.net
Karla Carmen Morales,1-666-777-6755,wendolin62@example.net
Dr. Felipe Gamboa,1-393-957-8654x36271,xmacias@example.net
Amelia Feliciano,1-582-686-2703,qvanegas@example.org
Ramón Cristal Padilla Velasco,1-265-732-7599,calderonandres@example.org
Abril Avilés Meraz,05532341595,vroldan@example.net
Gregorio Hernán Campos,(222)618-9628x8743,contrerasmaria@example.org
Celia Olivárez Rojas,720-957-9927x079,ivonne15@example.org
Blanca Yolanda Estrada,541-597-0996x25438,nicolas07@example.com
Amelia Violeta Griego,1-447-650-4715x80290,madridjuan@example.org
Juan Oquendo,+46(5)5866525483,rlerma@example.org
Yuridia Bravo,(581)021-3125x12931,aguirreadan@example.net
Serafín Angélica Cortés Verduzco,751-910-2312x11063,amadorbetancourt@example.com
Socorro Olga Espinoza Rolón,1-792-749-0728,betancourtdiana@example.org
Claudio Patricia Velásquez Esparza,1-113-253-2694x96843,whenriquez@example.net
Olga Abraham Heredia,(210)175-0961,valcala@example.net
Indira Villalobos Nájera,1-919-457-5757x47583,rodrigode-la-rosa@example.org
Lucas Martha Riojas Meléndez,777-226-6025x626,adela62@example.org
Dr. Esteban Cadena,+67(2)4530762484,eliasruiz@example.net
Magdalena Puga,(705)115-7942,normasaldana@example.org
Mitzy Alcántar,(254)969-1928,jacinto52@example.com
Lic. Andrea Almanza,1-563-353-5748x595,carolinamedina@example.net
Dr. Rosalia Granado,797.058.1629,ariadna87@example.com
Mtro. Ángel Rascón,342-507-3305x597,georginamaya@example.com
Salma Omar Feliciano Escobedo,914.038.8436x6044,claudiolucio@example.org
Martha Concepción Ramón Olivas,(297)514-7439x7429,irenealfaro@example.org
Itzel Urías Romero,256.806.5625,leyvairene@example.net
Sr(a). Nayeli Badillo,271.122.1823x15551,wmontalvo@example.org
Lic. Tomás Ortiz,1-281-372-1433x08003,carias@example.org
Cristian Citlali Sanches,1-566-084-7068,arevaloelvira@example.net
Emilio Godínez Verduzco,051.958.2632x809,gabriela85@example.net
Cristobal Ferrer,453.546.1470x7986,dulce-mariacarreon@example.org
Bernabé Flórez,1-943-945-7039,esteban80@example.com
Esmeralda Durán Merino,1-765-769-2778,yeni31@example.net
Abel Angulo Arteaga,+40(4)7692105336,antonio46@example.net
Héctor Aragón Casares,(247)310-7201,gollummaria-eugenia@example.net
Mtro. Genaro Altamirano,1-971-231-6600x76762,velazquezalvaro@example.net
Gilberto Lerma Roque,1-404-337-0096,tgomez@example.net
Rufino Nazario Reyes,825.588.2556x296,mayte54@example.org
Zeferino Torres,(561)942-5577x820,natividad29@example.com
Dr. Renato Chávez,1-616-188-0819,hernandezpaulina@example.net
Esperanza Israel Sáenz,05586863956,gastelumtimoteo@example.net
Cristal Escobedo,1-081-721-4364x38130,angulogustavo@example.org
María Cristina Caridad Pichardo Muñiz,(609)456-5346x99799,salazaralonso@example.com
Jerónimo Alta  Gracia Herrera Rojas,816-995-7060x717,pamela11@example.org
María Elena Ojeda Miranda,970.548.7396,alarconcarolina@example.net
Natividad Rael Barrientos,274-968-0491x8727,dalia04@example.net
Luis Blanca Correa Bermúdez,1-773-062-6042,jacintovergara@example.com
María Camilo Campos,(229)907-7560,teresa81@example.com
Lic. Ángel Barragán,04576832102,vasquezeduardo@example.net
Marisela Victoria Treviño,847.129.6180,eloycontreras@example.com
Julio César Adalberto Nieto,+80(1)8498042537,elenaroldan@example.com
Ernesto Camacho,(688)122-8217,vallesdaniel@example.org
Socorro Nájera,460.605.6035,mrascon@example.org
Mauro Sessa Saucedo,(239)847-1690x618,concepciontomas@example.org
Germán Laura León Rivera,548-954-7876x98999,marianomiranda@example.org
Jacobo Tejada,914-444-9835x5393,hilda35@example.net
Germán Jaime,639.243.5885x3798,caridadlovato@example.net
Emiliano Rufino Miranda,(753)674-9785,florenciazelaya@example.org
Carlota José Manuél Urbina Orozco,+13(4)7789489634,poncesoledad@example.com
Sr(a). Martín Quesada,512-215-0014x188,carolina16@example.org
Virginia Valverde Balderas,+15(9)4463339994,eva20@example.net
Mtro. Estefanía de la Torre,389-021-9947x113,pgarcia@example.com
Dr. Débora Garay,103-469-9673,benitobonilla@example.com
Margarita Cornejo,696.084.3768x55078,mquintanilla@example.org
Claudio Araceli Zaragoza Ocasio,(633)556-4343,ezapata@example.org
Dr. Verónica Barragán,1-069-556-0767x616,jaqueline34@example.com
Mauro Cristina de la Garza Gaona,1-898-306-5031x2198,henriquezarcelia@example.net
María Cristina Conchita Lozada Collado,(423)642-8131x909,gracielaulibarri@example.com
Daniela Gracia,+39(1)1142817852,oswaldoescobar@example.org
Irma de la Torre Jurado,088-062-2072x2395,maria-teresa37@example.org
Felix Cuellar Zelaya,+16(2)0478768868,wsolis@example.net
Lic. Fidel Soria,(287)203-1954x196,tnunez@example.com
Ignacio Ruiz Farías,+36(2)7924632037,micaela67@example.net
José Emilio Flores,1-260-321-4505x766,zamoraguadalupe@example.com
Isabel Eloisa Marín Santillán,(012)840-0838,alberto76@example.com
Lic. Javier Mena,(508)917-7680,corralesjose-maria@example.com
Teresa Jaramillo,231-964-6300,adan23@example.com
Dr. Lorena Coronado,(894)301-2047x137,zacariassalcido@example.org
Yolanda Rico Monroy,574.988.5582x9849,espartacoalonzo@example.com
Georgina Méndez,476-094-4128x3337,bertatorres@example.net
Mtro. Helena Bonilla,297.150.6662,brojas@example.com
Caridad Homero Gracia Ruiz,693.663.4392x529,rosalia61@example.org
Armando Aguilera Cornejo,(671)200-7202x4559,arevalodaniel@example.com
Benito Alfonso Verduzco Borrego,+90(3)2671494981,citlali17@example.net
Cristina Trinidad Serrato Caldera,934.065.2775x844,zperalta@example.org
Yeni Itzel Gaitán Guajardo,1-220-109-1217x221,isabela59@example.org
Manuel Parra,08943705263,andres00@example.com
Eduardo Salinas,1-657-256-5920x246,ruizisrael@example.org
Clara Grijalva Serna,743.260.0559x5501,msanchez@example.org
Isabela Victoria Santiago,868-999-3607,pablo70@example.com
Aida Lorenzo Villalpando Barajas,679.935.9374x403,leonardo40@example.net
Alfredo Estela Rascón,606.014.8860,ruby07@example.net
Oswaldo Virginia Urías,(136)852-8306,mendezvicente@example.org
Alejandra Camacho,424-462-6325,lomelihoracio@example.net
Sr(a). Araceli Cortés,00314217518,hsegura@example.com
Mtro. Armando Moya,05263840911,clementemonroy@example.org
Ing. Eloisa Roque,505-661-8632x39791,victorsaldana@example.net
Julia Medina,530-073-0950x55605,ibriones@example.org
Ing. Ramiro Carrión,1-277-885-1905x3486,alfonso10@example.com
Francisco Javier Juan Corral,561-851-7446,alvarezgloria@example.com
Aurelio Citlali Sosa,915.114.5512x9391,amadorlebron@example.com
Mtro. Pedro Luevano,06046154021,villalobosabigail@example.org
Alma Rodarte,681.429.8315,dulce-mariavarela@example.net
Sonia Alfaro Rodrígez,1-228-360-8493,ptrujillo@example.org
Eric Oquendo,1-845-269-6944,sergiocastellanos@example.net
Florencia Zedillo,016.934.2929x132,godoyfelix@example.net
Angélica Ortega Cepeda,1-419-031-0615,mariselacolon@example.org
José Carlos Meléndez Partida,847-323-6533x774,qarroyo@example.org
Marisol Covarrubias,+07(8)4361424426,rojasolga@example.org
Lic. Jaqueline Madrigal,373-476-4273x72037,jgaona@example.net
Blanca Gabriel Nevárez,414-846-0191x3443,soledadsalgado@example.net
Conchita Almonte Menchaca,1-869-507-3214x64493,kzarate@example.net
Beatriz Juan Rodríquez Estévez,505.573.8573,bvalenzuela@example.net
Benjamín Vallejo Chapa,603.768.1187,estelagallegos@example.org
Beatriz Alejandro Hidalgo Alba,1-614-973-1539x1149,alvarorolon@example.net
Patricia Daniela Aguayo Saiz,1-651-189-3940,wmontes@example.com
Dr. Aldonza Calderón,904-322-3023x33247,rasconespartaco@example.net
Alonso Caridad Flores,462.127.6025,tejadadelia@example.net
Bianca Bravo,(312)616-3248,maria-cristina29@example.net
Dr. Marisol Pizarro,(974)549-3036,jose-manuel87@example.org
Sr(a). Carmen Ayala,818.769.2082,carmenguajardo@example.org
Ing. Pamela Benavides,881.588.1445,diegoarmendariz@example.com
Emiliano Cintrón,182.971.6815,rde-anda@example.com
Alta  Gracia Alonso Alba Amador,(001)529-1137x17850,cornejojesus@example.com
Zacarías Carrero,444-218-2998x7478,coronadelia@example.com
Ing. Alma Martínez,708-670-0900x436,teresa51@example.com
Sr(a). Eugenio Paz,483-550-5429,jarguello@example.net
Socorro Rodrígez Avilés,(336)998-7950x982,andresballesteros@example.com
Carlos Orosco Hernádez,188-044-2877x3836,oliverbarela@example.com
Federico Cristal Barraza Cisneros,1-694-289-4642x03625,ggallegos@example.com
Armando María Teresa Arevalo Orellana,(625)540-2635,pamela24@example.org
Yolanda Bravo Rodrígez,464-489-8803x153,geronimomeraz@example.net
Martha Santiago Bañuelos,(504)043-3335x38495,ortegaestela@example.org
Aurora Cabrera Zapata,1-871-809-3391x373,leticiamedrano@example.org
Lorenzo Aragón Bermúdez,09875617868,alarcondulce-maria@example.org
Alta  Gracia Villa Carbajal,1-618-298-0365,qsalinas@example.net
Rubén Carla Pelayo Acosta,365.952.0149x1189,bianca84@example.org
Leonel Olga Romero,1-092-632-2399,antoniagrijalva@example.com
Israel Iván Peralta Bermúdez,04042886050,eva76@example.com
Amalia Solano,1-112-600-3083x56691,olveracristian@example.net
Antonia Mayorga,312.345.5068x82691,brubio@example.net
Gregorio Alfredo Carrillo Guardado,(808)735-4378,lorenzoarredondo@example.org
Verónica José Luis Castellanos,+15(7)0908599144,adrianaregalado@example.com
Lic. Sofía Vega,489-971-8428x596,concepcionmenendez@example.net
Guadalupe Alonso Sanches,(993)231-2342,kpaez@example.net
Lorenzo Altamirano Valdez,261.760.7234x838,irmazarate@example.com
Gloria Acosta Montañez,(129)965-0826x958,manueljaquez@example.org
Lic. Renato Ochoa,613.087.6123,reina51@example.com
Gabriela Leonor Toro,394-840-0273,aguayoyeni@example.net
Ruby Ornelas,101-683-1139x500,nunezoliver@example.org
Mtro. Ariadna Lozada,915-076-2839x76205,teodorolemus@example.com
Miguel Ángel Quintana Quintero,462.072.6629x2508,salazarsocorro@example.com
Amanda Cruz,1-914-068-8413x3373,centenohumberto@example.com
Eloy Jaime Pacheco,07817032119,abelojeda@example.org
Luisa Eva Serna,(527)789-5613x37184,gabino90@example.net
Ricardo Irene Arreola,648-016-4403,rflores@example.com
Leonel Rodrígez Téllez,02778221021,ivillalpando@example.org
Soledad Esquibel Ibarra,629-857-9736x3831,pamelamatos@example.com
Ivonne Girón Vega,1-079-866-1770x673,xsisneros@example.org
José Acevedo Ocampo,(212)235-5216x5058,rcantu@example.com
Rebeca Cornejo,182.192.5967x90898,eugenio69@example.net
Mtro. Patricio Alemán,(205)093-8694,vicente24@example.net
Santiago Nelly Uribe Barraza,145-788-7071x52386,eorellana@example.org
Dr. Aldonza Razo,619-177-9876,sofiavelasco@example.com
Lic. Cristian Ceballos,1-893-708-5806,socorrogranados@example.com
Gabriel Anguiano Muro,695-790-0124x825,gabriel42@example.net
María Luisa Villaseñor,325-942-3289x463,patriciovega@example.org
Leticia Daniel Hurtado Bétancourt,(528)572-5629x26933,olga95@example.org
Natalia Bernabé Valencia,1-655-078-4685x09574,esparta03@example.com
Sr(a). Zeferino Sepúlveda,1-117-972-0385x9340,narvaezenrique@example.com
Augusto Irma Lozada Rendón,05531325936,gsosa@example.org
Silvano Jáquez Cornejo,1-141-052-7698x19878,zedillocesar@example.com
Georgina Muro Ceballos,888.562.2586,ubaeza@example.net
Lic. María del Carmen Tijerina,1-442-275-8548x596,ilse94@example.org
Dr. Hernán Casanova,06502000245,rodrigogomez@example.org
César Trinidad Carrillo,1-513-055-7083,vvaca@example.org
Gloria Madrigal Linares,896-699-7273x6774,vcornejo@example.org
Josefina Noelia de la Fuente,431.832.8123,castroelvira@example.net
Verónica Abraham Magaña,106.018.3647x2387,alberto82@example.com
Norma Brito,(722)577-5458x47262,melgarclaudia@example.net
Nayeli Rendón Olivas,(831)608-2717x21733,kgamboa@example.net
Dr. Alicia Melgar,(229)993-6216,victor91@example.net
Eugenio Perla Urbina Colón,255.398.3584,lorena17@example.net
Miguel Gaona,(643)095-4497,duenasmarisela@example.net
Lic. Abelardo Escobar,1-271-205-3978x7137,citlali98@example.net
Catalina Conchita Amaya,(125)608-3200x48797,rmontes@example.org
Yeni Noelia Munguía Escalante,860.030.4436,vegarenato@example.com
María Luisa Barrera Montenegro,(391)029-2950,madrigalelvia@example.com
Úrsula Nayeli Espinoza Báez,309.671.3971x9126,coronacornelio@example.org
Cristina Caridad Rincón,(720)191-1166x122,casarezserafin@example.net
Marisela Chacón Montalvo,(873)393-0493x66538,duartemaria-eugenia@example.net
Nicolás Bernardo Cornejo Lerma,(114)086-8250,cecilia29@example.com
Josefina Jerónimo Olivares,00399529701,maria-elenacasanova@example.org
Elias Luz Muñoz Ulloa,1-856-423-0412,cisnerosmauricio@example.org
Carlota Nájera,273.874.0299x0716,bvillanueva@example.com
Catalina Carmen Lerma,155-420-3403x0109,leticia79@example.net
